"ID","Title","Backlog_ID","SD_Codigo","Estado","EjeEstrategico"
"13","1 P0 LIB_GobiernoSistemas","SD-BL-001","1","active","LIB_GobiernoSistemas"
"14","2 P0 SD_BacklogEstrategico","SD-BL-002","2","active","SD_BacklogEstrategico"
"15","3 P0 WB_Decisiones","SD-BL-003","3","active","WB_Decisiones"
"16","4 P0 SYS_EstadoOperativo","SD-BL-004","4","active","SYS_EstadoOperativo"
"17","5 P1 WB_Riesgos","SD-BL-005","5","active","WB_Riesgos"
"18","6 P1 WB_AprendizajesOperativos","SD-BL-006","6","active","WB_AprendizajesOperativos"
"19","7 P1 WB_CapacidadesOperativas","SD-BL-007","7","active","WB_CapacidadesOperativas"
"20","8 P1 LIB_Runbooks","SD-BL-008","8","active","LIB_Runbooks"
"21","9 P1 LIB_DiccionarioCanonico","SD-BL-009","9","active","LIB_DiccionarioCanonico"
