"Title","Hidden","BaseTemplate","ItemCount","DefaultViewUrl"
"Activos del sitio","False","101","4","/sites/SYS-GobiernoOperativo-PILOTO/SiteAssets/Forms/AllItems.aspx"
"AGT_Agentes","False","100","13","/sites/SYS-GobiernoOperativo-PILOTO/Lists/AGT_Agentes/AllItems.aspx"
"AGT_Feedback","False","100","0","/sites/SYS-GobiernoOperativo-PILOTO/Lists/AGT_Feedback/AllItems.aspx"
"AGT_Guardrails","False","100","0","/sites/SYS-GobiernoOperativo-PILOTO/Lists/AGT_Guardrails/AllItems.aspx"
"AGT_Runs","False","100","0","/sites/SYS-GobiernoOperativo-PILOTO/Lists/AGT_Runs/AllItems.aspx"
"ALT_Alertas","False","100","0","/sites/SYS-GobiernoOperativo-PILOTO/Lists/ALT_Alertas/Activos.aspx"
"appdata","True","125","0","/sites/SYS-GobiernoOperativo-PILOTO/_catalogs/appdata"
"appfiles","True","126","0","/sites/SYS-GobiernoOperativo-PILOTO/_catalogs/appfiles"
"AUD_Auditorias","False","100","0","/sites/SYS-GobiernoOperativo-PILOTO/Lists/AUD_Auditorias/AllItems.aspx"
"Biblioteca de estilos","False","101","0","/sites/SYS-GobiernoOperativo-PILOTO/Style Library/Forms/AllItems.aspx"
"Biblioteca de registros de mantenimiento","True","175","2","/sites/SYS-GobiernoOperativo-PILOTO/_catalogs/MaintenanceLogs/Forms/AllItems.aspx"
"CHG_Cambios","False","100","0","/sites/SYS-GobiernoOperativo-PILOTO/Lists/CHG_Cambios/Activos.aspx"
"Detalle de Datos Cargados","False","100","10","/sites/SYS-GobiernoOperativo-PILOTO/DetalleDatosCargados/AllItems.aspx"
"Diseños compuestos","True","124","18","/sites/SYS-GobiernoOperativo-PILOTO/_catalogs/design/AllItems.aspx"
"DO_NOT_DELETE_SPLIST_SITECOLLECTION_AGGREGATED_CONTENTTYPES","True","100","0","/sites/SYS-GobiernoOperativo-PILOTO/Lists/DO_NOT_DELETE_SPLIST_SITECOLLECTION_AGGREGATED_CONTENTTYPES/AllItems.aspx"
"Documentos","False","101","103","/sites/SYS-GobiernoOperativo-PILOTO/Shared Documents/Forms/AllItems.aspx"
"ESC_Escalamientos","False","100","0","/sites/SYS-GobiernoOperativo-PILOTO/Lists/ESC_Escalamientos/AllItems.aspx"
"EVD_Evidencias","False","100","0","/sites/SYS-GobiernoOperativo-PILOTO/Lists/EVD_Evidencias/AllItems.aspx"
"EvidenciasCarga","False","101","20","/sites/SYS-GobiernoOperativo-PILOTO/EvidenciasCarga/Forms/AllItems.aspx"
"Formularios convertidos","True","10102","0","/sites/SYS-GobiernoOperativo-PILOTO/IWConvertedForms/Forms/AllItems.aspx"
"Galería de elementos web","True","113","22","/sites/SYS-GobiernoOperativo-PILOTO/_catalogs/wp/Forms/AllItems.aspx"
"Galería de páginas principales","True","116","175","/sites/SYS-GobiernoOperativo-PILOTO/_catalogs/masterpage/Forms/AllItems.aspx"
"Galería de plantillas de listas","True","114","0","/sites/SYS-GobiernoOperativo-PILOTO/_catalogs/lt/Forms/AllItems.aspx"
"Galería de soluciones","True","121","0","/sites/SYS-GobiernoOperativo-PILOTO/_catalogs/solutions/Forms/AllItems.aspx"
"Galería de temas","True","123","41","/sites/SYS-GobiernoOperativo-PILOTO/_catalogs/theme/Forms/AllItems.aspx"
"INC_Incidentes","False","100","0","/sites/SYS-GobiernoOperativo-PILOTO/Lists/INC_Incidentes/Activos.aspx"
"KB_Articulos","False","100","0","/sites/SYS-GobiernoOperativo-PILOTO/Lists/KB_Articulos/AllItems.aspx"
"KB_ErroresRecurrentes","False","100","0","/sites/SYS-GobiernoOperativo-PILOTO/Lists/KB_ErroresRecurrentes/AllItems.aspx"
"LIB_AgentPrompts","False","101","0","/sites/SYS-GobiernoOperativo-PILOTO/LIB_AgentPrompts/Forms/AllItems.aspx"
"LIB_DesignSystem","False","101","1","/sites/SYS-GobiernoOperativo-PILOTO/LIB_DesignSystem/Forms/AllItems.aspx"
"LIB_DiccionarioCanonico","False","101","1","/sites/SYS-GobiernoOperativo-PILOTO/LIB_DiccionarioCanonico/Forms/AllItems.aspx"
"LIB_EvidenciaTecnica","False","101","6","/sites/SYS-GobiernoOperativo-PILOTO/LIB_EvidenciaTecnica/Forms/AllItems.aspx"
"LIB_ExportacionesControladas","False","101","0","/sites/SYS-GobiernoOperativo-PILOTO/LIB_ExportacionesControladas/Forms/AllItems.aspx"
"LIB_Formacion","False","101","2","/sites/SYS-GobiernoOperativo-PILOTO/LIB_Formacion/Forms/AllItems.aspx"
"LIB_GobiernoSistemas","False","101","20","/sites/SYS-GobiernoOperativo-PILOTO/LIB_GobiernoSistemas/Forms/AllItems.aspx"
"LIB_KnowledgeBase","False","101","1","/sites/SYS-GobiernoOperativo-PILOTO/LIB_KnowledgeBase/Forms/AllItems.aspx"
"LIB_PilotoPermisosControlados","False","101","1","/sites/SYS-GobiernoOperativo-PILOTO/LIB_PilotoPermisosControlados/Forms/AllItems.aspx"
"LIB_Plantillas","False","101","1","/sites/SYS-GobiernoOperativo-PILOTO/LIB_Plantillas/Forms/AllItems.aspx"
"LIB_PuenteDocumental_SGIN","False","101","0","/sites/SYS-GobiernoOperativo-PILOTO/LIB_PuenteDocumental_SGIN/Forms/AllItems.aspx"
"LIB_ReplicaOperativa","False","101","0","/sites/SYS-GobiernoOperativo-PILOTO/LIB_ReplicaOperativa/Forms/AllItems.aspx"
"LIB_Runbooks","False","101","8","/sites/SYS-GobiernoOperativo-PILOTO/LIB_Runbooks/Forms/AllItems.aspx"
"LIB_VozInstitucional","False","101","0","/sites/SYS-GobiernoOperativo-PILOTO/LIB_VozInstitucional/Forms/AllItems.aspx"
"Lista de información del usuario","True","112","15","/sites/SYS-GobiernoOperativo-PILOTO/_catalogs/users/detail.aspx"
"NTF_Notificaciones","False","100","0","/sites/SYS-GobiernoOperativo-PILOTO/Lists/NTF_Notificaciones/AllItems.aspx"
"Páginas del sitio","False","119","5","/sites/SYS-GobiernoOperativo-PILOTO/SitePages/Forms/ByAuthor.aspx"
"Plantillas de formulario","False","101","0","/sites/SYS-GobiernoOperativo-PILOTO/FormServerTemplates/Forms/All Forms.aspx"
"REG_GitSharePoint_Control","False","100","6","/sites/SYS-GobiernoOperativo-PILOTO/Lists/REG_GitSharePoint_Control/Activos por estado.aspx"
"Registro de Cargas","False","100","2","/sites/SYS-GobiernoOperativo-PILOTO/RegistroCargas/AllItems.aspx"
"REL_Releases","False","100","0","/sites/SYS-GobiernoOperativo-PILOTO/Lists/REL_Releases/AllItems.aspx"
"REQ_Solicitudes","False","100","0","/sites/SYS-GobiernoOperativo-PILOTO/Lists/REQ_Solicitudes/AllItems.aspx"
"SD_Actas","False","100","0","/sites/SYS-GobiernoOperativo-PILOTO/Lists/SD_Actas/AllItems.aspx"
"SD_Agentes","False","100","14","/sites/SYS-GobiernoOperativo-PILOTO/Lists/SD_Agentes/AllItems.aspx"
"SD_BacklogEstrategico","False","100","11","/sites/SYS-GobiernoOperativo-PILOTO/Lists/SD_BacklogEstrategico/AllItems.aspx"
"SD_BitacoraUniversal","False","100","0","/sites/SYS-GobiernoOperativo-PILOTO/Lists/SD_BitacoraUniversal/AllItems.aspx"
"SD_Comunicaciones","False","100","0","/sites/SYS-GobiernoOperativo-PILOTO/Lists/SD_Comunicaciones/AllItems.aspx"
"SD_EjecucionesAgente","False","100","1","/sites/SYS-GobiernoOperativo-PILOTO/Lists/SD_EjecucionesAgente/AllItems.aspx"
"SD_EventosDeclarativos","False","100","2","/sites/SYS-GobiernoOperativo-PILOTO/Lists/SD_EventosDeclarativos/AllItems.aspx"
"SD_Evidencias","False","100","2","/sites/SYS-GobiernoOperativo-PILOTO/Lists/SD_Evidencias/AllItems.aspx"
"SD_KPIs","False","100","0","/sites/SYS-GobiernoOperativo-PILOTO/Lists/SD_KPIs/AllItems.aspx"
"SD_KYC_InventarioDocumental","False","100","0","/sites/SYS-GobiernoOperativo-PILOTO/Lists/SD_KYC_InventarioDocumental/AllItems.aspx"
"SD_MedicionesKPI","False","100","0","/sites/SYS-GobiernoOperativo-PILOTO/Lists/SD_MedicionesKPI/AllItems.aspx"
"SD_MetadataRegistry","False","100","2","/sites/SYS-GobiernoOperativo-PILOTO/Lists/SD_MetadataRegistry/AllItems.aspx"
"SD_OrdenesDeclarativas","False","100","1","/sites/SYS-GobiernoOperativo-PILOTO/Lists/SD_OrdenesDeclarativas/AllItems.aspx"
"SD_RACI","False","100","0","/sites/SYS-GobiernoOperativo-PILOTO/Lists/SD_RACI/AllItems.aspx"
"SD_ReglasEvento","False","100","0","/sites/SYS-GobiernoOperativo-PILOTO/Lists/SD_ReglasEvento/AllItems.aspx"
"SD_Repositorios","False","100","3","/sites/SYS-GobiernoOperativo-PILOTO/Lists/SD_Repositorios/AllItems.aspx"
"SD_Riesgos","False","100","2","/sites/SYS-GobiernoOperativo-PILOTO/Lists/SD_Riesgos/AllItems.aspx"
"SD_VersionesSistema","False","100","4","/sites/SYS-GobiernoOperativo-PILOTO/Lists/SD_VersionesSistema/AllItems.aspx"
"SEI_Alias","False","100","0","/sites/SYS-GobiernoOperativo-PILOTO/Lists/SEI_Alias/AllItems.aspx"
"SEI_CambiosTaxonomicos","False","100","0","/sites/SYS-GobiernoOperativo-PILOTO/Lists/SEI_CambiosTaxonomicos/AllItems.aspx"
"SEI_Conceptos","False","100","0","/sites/SYS-GobiernoOperativo-PILOTO/Lists/SEI_Conceptos/AllItems.aspx"
"SEI_MapeosLocales","False","100","0","/sites/SYS-GobiernoOperativo-PILOTO/Lists/SEI_MapeosLocales/AllItems.aspx"
"SEI_Namespaces","False","100","5","/sites/SYS-GobiernoOperativo-PILOTO/Lists/SEI_Namespaces/AllItems.aspx"
"SEI_Relaciones","False","100","0","/sites/SYS-GobiernoOperativo-PILOTO/Lists/SEI_Relaciones/AllItems.aspx"
"SEI_Terminos","False","100","3","/sites/SYS-GobiernoOperativo-PILOTO/Lists/SEI_Terminos/AllItems.aspx"
"SEI_Versiones","False","100","0","/sites/SYS-GobiernoOperativo-PILOTO/Lists/SEI_Versiones/AllItems.aspx"
"SYS_Ambientes","False","100","0","/sites/SYS-GobiernoOperativo-PILOTO/Lists/SYS_Ambientes/AllItems.aspx"
"SYS_ArtefactosDeclarativos","False","100","0","/sites/SYS-GobiernoOperativo-PILOTO/Lists/SYS_ArtefactosDeclarativos/AllItems.aspx"
"SYS_Capacidades","False","100","20","/sites/SYS-GobiernoOperativo-PILOTO/Lists/SYS_Capacidades/AllItems.aspx"
"SYS_Componentes","False","100","0","/sites/SYS-GobiernoOperativo-PILOTO/Lists/SYS_Componentes/AllItems.aspx"
"SYS_Conexiones","False","100","0","/sites/SYS-GobiernoOperativo-PILOTO/Lists/SYS_Conexiones/AllItems.aspx"
"SYS_Dependencias","False","100","0","/sites/SYS-GobiernoOperativo-PILOTO/Lists/SYS_Dependencias/AllItems.aspx"
"SYS_ErroresSoluciones","False","100","13","/sites/SYS-GobiernoOperativo-PILOTO/Lists/SYS_ErroresSoluciones/AllItems.aspx"
"SYS_EstadoOperativo","False","100","68","/sites/SYS-GobiernoOperativo-PILOTO/Lists/SYS_EstadoOperativo/AllItems.aspx"
"SYS_FlujosPowerAutomate","False","100","7","/sites/SYS-GobiernoOperativo-PILOTO/Lists/SYS_FlujosPowerAutomate/AllItems.aspx"
"SYS_FlujosTrabajo","False","100","14","/sites/SYS-GobiernoOperativo-PILOTO/Lists/SYS_FlujosTrabajo/AllItems.aspx"
"SYS_Habilidades","False","100","20","/sites/SYS-GobiernoOperativo-PILOTO/Lists/SYS_Habilidades/AllItems.aspx"
"SYS_HealthChecks","False","100","0","/sites/SYS-GobiernoOperativo-PILOTO/Lists/SYS_HealthChecks/AllItems.aspx"
"SYS_Permisos","False","100","0","/sites/SYS-GobiernoOperativo-PILOTO/Lists/SYS_Permisos/AllItems.aspx"
"SYS_RiesgosSistema","False","100","0","/sites/SYS-GobiernoOperativo-PILOTO/Lists/SYS_RiesgosSistema/AllItems.aspx"
"SYS_Sistemas","False","100","3","/sites/SYS-GobiernoOperativo-PILOTO/Lists/SYS_Sistemas/Activos.aspx"
"TaxonomyHiddenList","True","100","0","/sites/SYS-GobiernoOperativo-PILOTO/Lists/TaxonomyHiddenList/AllItems.aspx"
"TRN_CasosPracticos","False","100","0","/sites/SYS-GobiernoOperativo-PILOTO/Lists/TRN_CasosPracticos/AllItems.aspx"
"TRN_Modulos","False","100","0","/sites/SYS-GobiernoOperativo-PILOTO/Lists/TRN_Modulos/AllItems.aspx"
"TRN_RutasAprendizaje","False","100","0","/sites/SYS-GobiernoOperativo-PILOTO/Lists/TRN_RutasAprendizaje/AllItems.aspx"
"UX_ComponentesVisuales","False","100","0","/sites/SYS-GobiernoOperativo-PILOTO/Lists/UX_ComponentesVisuales/AllItems.aspx"
"UX_VistasPatron","False","100","0","/sites/SYS-GobiernoOperativo-PILOTO/Lists/UX_VistasPatron/AllItems.aspx"
"VOC_Microcopy","False","100","0","/sites/SYS-GobiernoOperativo-PILOTO/Lists/VOC_Microcopy/AllItems.aspx"
"VOC_PlantillasMensajes","False","100","0","/sites/SYS-GobiernoOperativo-PILOTO/Lists/VOC_PlantillasMensajes/AllItems.aspx"
"WB_AprendizajesOperativos","False","100","27","/sites/SYS-GobiernoOperativo-PILOTO/Lists/WB_AprendizajesOperativos/AllItems.aspx"
"WB_CapacidadesOperativas","False","100","21","/sites/SYS-GobiernoOperativo-PILOTO/Lists/WB_CapacidadesOperativas/AllItems.aspx"
"WB_Decisiones","False","100","31","/sites/SYS-GobiernoOperativo-PILOTO/Lists/WB_Decisiones/AllItems.aspx"
"WB_MapeoTaxonomico","False","100","45","/sites/SYS-GobiernoOperativo-PILOTO/Lists/WB_MapeoTaxonomico/AllItems.aspx"
"WB_RevisionSemanal","False","100","3","/sites/SYS-GobiernoOperativo-PILOTO/Lists/WB_RevisionSemanal/AllItems.aspx"
"WB_Riesgos","False","100","32","/sites/SYS-GobiernoOperativo-PILOTO/Lists/WB_Riesgos/AllItems.aspx"
"WB_TaxonomiaFederada","False","100","16","/sites/SYS-GobiernoOperativo-PILOTO/Lists/WB_TaxonomiaFederada/AllItems.aspx"
"WB_ValoresCanonicos","False","100","14","/sites/SYS-GobiernoOperativo-PILOTO/Lists/WB_ValoresCanonicos/AllItems.aspx"
