"index_order","surface_name","surface_kind","base_template","hidden","item_count","default_view_url","operational_cluster","priority_band","use_now","cabina_role","other_cabina_use","relation_shape","upstream_anchor","downstream_anchor","derived_action","next_action","flow_summary","evidence_ref","notes"
"1","LIB_GobiernoSistemas","library","101","False","20","/sites/SYS-GobiernoOperativo-PILOTO/LIB_GobiernoSistemas/Forms/AllItems.aspx","governance_core","P0","active","governance_core","direct_primary","governance_core_hub","live inventory; canonical evidence; ordered backlog","all priority lists and libraries","reuse_now","keep_in_next_execution_path","Core bundle governs backlog, evidence, and execution.","sharepoint:/sites/SYS-GobiernoOperativo-PILOTO|Get-PnPList","main governance bundle library"
"2","SD_BacklogEstrategico","list","100","False","11","/sites/SYS-GobiernoOperativo-PILOTO/Lists/SD_BacklogEstrategico/AllItems.aspx","backlog_visible","P0","active","visible_backlog","direct_primary","backlog_queue_hub","governance core; live operating signals","execution surfaces; support libraries","reuse_now","keep_in_next_execution_path","Visible backlog coordinates priority and next actions.","sharepoint:/sites/SYS-GobiernoOperativo-PILOTO|Get-PnPList","visible backlog target; default view fields expanded to show operational order"
"3","SYS_EstadoOperativo","list","100","False","68","/sites/SYS-GobiernoOperativo-PILOTO/Lists/SYS_EstadoOperativo/AllItems.aspx","system","P0","active","system_list","direct_primary","system_console_flow","live signals; control bundle","backlog; operational reviews; support surfaces","reuse_now","keep_in_next_execution_path","System list concentrates status and operational control.","sharepoint:/sites/SYS-GobiernoOperativo-PILOTO|Get-PnPList","operational status matrix; confirmed present in site"
"4","WB_Decisiones","list","100","False","31","/sites/SYS-GobiernoOperativo-PILOTO/Lists/WB_Decisiones/AllItems.aspx","worklist","P0","active","working_list","direct_primary","working_register_flow","execution outcomes; governance bundle","decisions; risks; learnings; capabilities","reuse_now","keep_in_next_execution_path","Working list captures operational evidence and feeds review loops.","sharepoint:/sites/SYS-GobiernoOperativo-PILOTO|Get-PnPList","live operational decision list; confirmed present in site"
"5","EvidenciasCarga","library","101","False","20","/sites/SYS-GobiernoOperativo-PILOTO/EvidenciasCarga/Forms/AllItems.aspx","evidence_library","P1","active","library","direct_support","document_repository_flow","working outputs; exports; evidence loads","readbacks; snapshots; curated documents","reuse_with_context","keep_in_support_path","Document library stores evidence, exports, and curated artifacts.","sharepoint:/sites/SYS-GobiernoOperativo-PILOTO|Get-PnPList","evidence library for load artifacts"
"6","LIB_AgentPrompts","library","101","False","0","/sites/SYS-GobiernoOperativo-PILOTO/LIB_AgentPrompts/Forms/AllItems.aspx","library","P1","active","support_library","direct_support","support_library_flow","governance core; working lists","agents; boards; readbacks; execution packages","reuse_with_context","keep_in_support_path","Support library feeds reuse, prompts, runbooks, and evidence.","sharepoint:/sites/SYS-GobiernoOperativo-PILOTO|Get-PnPList","live site surface from current inventory"
"7","LIB_DiccionarioCanonico","library","101","False","1","/sites/SYS-GobiernoOperativo-PILOTO/LIB_DiccionarioCanonico/Forms/AllItems.aspx","library","P1","active","support_library","direct_support","support_library_flow","governance core; working lists","agents; boards; readbacks; execution packages","reuse_with_context","keep_in_support_path","Support library feeds reuse, prompts, runbooks, and evidence.","sharepoint:/sites/SYS-GobiernoOperativo-PILOTO|Get-PnPList","live site surface from current inventory"
"8","LIB_EvidenciaTecnica","library","101","False","6","/sites/SYS-GobiernoOperativo-PILOTO/LIB_EvidenciaTecnica/Forms/AllItems.aspx","library","P1","active","support_library","direct_support","support_library_flow","governance core; working lists","agents; boards; readbacks; execution packages","reuse_with_context","keep_in_support_path","Support library feeds reuse, prompts, runbooks, and evidence.","sharepoint:/sites/SYS-GobiernoOperativo-PILOTO|Get-PnPList","live site surface from current inventory"
"9","LIB_ExportacionesControladas","library","101","False","0","/sites/SYS-GobiernoOperativo-PILOTO/LIB_ExportacionesControladas/Forms/AllItems.aspx","library","P1","active","support_library","direct_support","support_library_flow","governance core; working lists","agents; boards; readbacks; execution packages","reuse_with_context","keep_in_support_path","Support library feeds reuse, prompts, runbooks, and evidence.","sharepoint:/sites/SYS-GobiernoOperativo-PILOTO|Get-PnPList","live site surface from current inventory"
"10","LIB_Formacion","library","101","False","2","/sites/SYS-GobiernoOperativo-PILOTO/LIB_Formacion/Forms/AllItems.aspx","library","P1","active","support_library","direct_support","support_library_flow","governance core; working lists","agents; boards; readbacks; execution packages","reuse_with_context","keep_in_support_path","Support library feeds reuse, prompts, runbooks, and evidence.","sharepoint:/sites/SYS-GobiernoOperativo-PILOTO|Get-PnPList","live site surface from current inventory"
"11","LIB_KnowledgeBase","library","101","False","1","/sites/SYS-GobiernoOperativo-PILOTO/LIB_KnowledgeBase/Forms/AllItems.aspx","library","P1","active","support_library","direct_support","support_library_flow","governance core; working lists","agents; boards; readbacks; execution packages","reuse_with_context","keep_in_support_path","Support library feeds reuse, prompts, runbooks, and evidence.","sharepoint:/sites/SYS-GobiernoOperativo-PILOTO|Get-PnPList","live site surface from current inventory"
"12","LIB_PilotoPermisosControlados","library","101","False","1","/sites/SYS-GobiernoOperativo-PILOTO/LIB_PilotoPermisosControlados/Forms/AllItems.aspx","library","P1","active","support_library","direct_support","support_library_flow","governance core; working lists","agents; boards; readbacks; execution packages","reuse_with_context","keep_in_support_path","Support library feeds reuse, prompts, runbooks, and evidence.","sharepoint:/sites/SYS-GobiernoOperativo-PILOTO|Get-PnPList","live site surface from current inventory"
"13","LIB_Plantillas","library","101","False","1","/sites/SYS-GobiernoOperativo-PILOTO/LIB_Plantillas/Forms/AllItems.aspx","library","P1","active","support_library","direct_support","support_library_flow","governance core; working lists","agents; boards; readbacks; execution packages","reuse_with_context","keep_in_support_path","Support library feeds reuse, prompts, runbooks, and evidence.","sharepoint:/sites/SYS-GobiernoOperativo-PILOTO|Get-PnPList","live site surface from current inventory"
"14","LIB_ReplicaOperativa","library","101","False","0","/sites/SYS-GobiernoOperativo-PILOTO/LIB_ReplicaOperativa/Forms/AllItems.aspx","library","P1","active","support_library","direct_support","support_library_flow","governance core; working lists","agents; boards; readbacks; execution packages","reuse_with_context","keep_in_support_path","Support library feeds reuse, prompts, runbooks, and evidence.","sharepoint:/sites/SYS-GobiernoOperativo-PILOTO|Get-PnPList","live site surface from current inventory"
"15","LIB_Runbooks","library","101","False","8","/sites/SYS-GobiernoOperativo-PILOTO/LIB_Runbooks/Forms/AllItems.aspx","library","P1","active","support_library","direct_support","support_library_flow","governance core; working lists","agents; boards; readbacks; execution packages","reuse_with_context","keep_in_support_path","Support library feeds reuse, prompts, runbooks, and evidence.","sharepoint:/sites/SYS-GobiernoOperativo-PILOTO|Get-PnPList","live site surface from current inventory"
"16","SD_Agentes","list","100","False","14","/sites/SYS-GobiernoOperativo-PILOTO/Lists/SD_Agentes/AllItems.aspx","sdu","P1","active","list","direct_support","supporting_surface_flow","operational base","dependent surfaces","reuse_with_context","keep_in_support_path","Supporting surface participates in the site flow graph.","sharepoint:/sites/SYS-GobiernoOperativo-PILOTO|Get-PnPList","live site surface from current inventory"
"17","SD_MetadataRegistry","list","100","False","2","/sites/SYS-GobiernoOperativo-PILOTO/Lists/SD_MetadataRegistry/AllItems.aspx","sdu","P1","active","list","direct_support","supporting_surface_flow","operational base","dependent surfaces","reuse_with_context","keep_in_support_path","Supporting surface participates in the site flow graph.","sharepoint:/sites/SYS-GobiernoOperativo-PILOTO|Get-PnPList","live site surface from current inventory"
"18","SD_OrdenesDeclarativas","list","100","False","1","/sites/SYS-GobiernoOperativo-PILOTO/Lists/SD_OrdenesDeclarativas/AllItems.aspx","sdu","P1","active","list","direct_support","supporting_surface_flow","operational base","dependent surfaces","reuse_with_context","keep_in_support_path","Supporting surface participates in the site flow graph.","sharepoint:/sites/SYS-GobiernoOperativo-PILOTO|Get-PnPList","live site surface from current inventory"
"19","SD_Repositorios","list","100","False","3","/sites/SYS-GobiernoOperativo-PILOTO/Lists/SD_Repositorios/AllItems.aspx","sdu","P1","active","list","direct_support","supporting_surface_flow","operational base","dependent surfaces","reuse_with_context","keep_in_support_path","Supporting surface participates in the site flow graph.","sharepoint:/sites/SYS-GobiernoOperativo-PILOTO|Get-PnPList","live site surface from current inventory"
"20","SD_Riesgos","list","100","False","2","/sites/SYS-GobiernoOperativo-PILOTO/Lists/SD_Riesgos/AllItems.aspx","sdu","P1","active","list","direct_support","supporting_surface_flow","operational base","dependent surfaces","reuse_with_context","keep_in_support_path","Supporting surface participates in the site flow graph.","sharepoint:/sites/SYS-GobiernoOperativo-PILOTO|Get-PnPList","live site surface from current inventory"
"21","SD_VersionesSistema","list","100","False","4","/sites/SYS-GobiernoOperativo-PILOTO/Lists/SD_VersionesSistema/AllItems.aspx","sdu","P1","active","list","direct_support","supporting_surface_flow","operational base","dependent surfaces","reuse_with_context","keep_in_support_path","Supporting surface participates in the site flow graph.","sharepoint:/sites/SYS-GobiernoOperativo-PILOTO|Get-PnPList","live site surface from current inventory"
"22","SYS_Capacidades","list","100","False","20","/sites/SYS-GobiernoOperativo-PILOTO/Lists/SYS_Capacidades/AllItems.aspx","system","P1","active","system_list","direct_support","system_console_flow","live signals; control bundle","backlog; operational reviews; support surfaces","reuse_with_context","keep_in_support_path","System list concentrates status and operational control.","sharepoint:/sites/SYS-GobiernoOperativo-PILOTO|Get-PnPList","live site surface from current inventory"
"23","SYS_FlujosPowerAutomate","list","100","False","7","/sites/SYS-GobiernoOperativo-PILOTO/Lists/SYS_FlujosPowerAutomate/AllItems.aspx","system","P1","active","system_list","direct_support","system_console_flow","live signals; control bundle","backlog; operational reviews; support surfaces","reuse_with_context","keep_in_support_path","System list concentrates status and operational control.","sharepoint:/sites/SYS-GobiernoOperativo-PILOTO|Get-PnPList","live site surface from current inventory"
"24","SYS_FlujosTrabajo","list","100","False","14","/sites/SYS-GobiernoOperativo-PILOTO/Lists/SYS_FlujosTrabajo/AllItems.aspx","system","P1","active","system_list","direct_support","system_console_flow","live signals; control bundle","backlog; operational reviews; support surfaces","reuse_with_context","keep_in_support_path","System list concentrates status and operational control.","sharepoint:/sites/SYS-GobiernoOperativo-PILOTO|Get-PnPList","live site surface from current inventory"
"25","SYS_Habilidades","list","100","False","20","/sites/SYS-GobiernoOperativo-PILOTO/Lists/SYS_Habilidades/AllItems.aspx","system","P1","active","system_list","direct_support","system_console_flow","live signals; control bundle","backlog; operational reviews; support surfaces","reuse_with_context","keep_in_support_path","System list concentrates status and operational control.","sharepoint:/sites/SYS-GobiernoOperativo-PILOTO|Get-PnPList","live site surface from current inventory"
"26","SYS_Sistemas","list","100","False","3","/sites/SYS-GobiernoOperativo-PILOTO/Lists/SYS_Sistemas/Activos.aspx","system","P1","active","system_list","direct_support","system_console_flow","live signals; control bundle","backlog; operational reviews; support surfaces","reuse_with_context","keep_in_support_path","System list concentrates status and operational control.","sharepoint:/sites/SYS-GobiernoOperativo-PILOTO|Get-PnPList","live site surface from current inventory"
"27","WB_AprendizajesOperativos","list","100","False","27","/sites/SYS-GobiernoOperativo-PILOTO/Lists/WB_AprendizajesOperativos/AllItems.aspx","worklist","P1","active","working_list","direct_support","working_register_flow","execution outcomes; governance bundle","decisions; risks; learnings; capabilities","reuse_with_context","keep_in_support_path","Working list captures operational evidence and feeds review loops.","sharepoint:/sites/SYS-GobiernoOperativo-PILOTO|Get-PnPList","operational learning list; confirmed present in site"
"28","WB_CapacidadesOperativas","list","100","False","21","/sites/SYS-GobiernoOperativo-PILOTO/Lists/WB_CapacidadesOperativas/AllItems.aspx","worklist","P1","active","working_list","direct_support","working_register_flow","execution outcomes; governance bundle","decisions; risks; learnings; capabilities","reuse_with_context","keep_in_support_path","Working list captures operational evidence and feeds review loops.","sharepoint:/sites/SYS-GobiernoOperativo-PILOTO|Get-PnPList","capacity list; confirmed present in site"
"29","WB_Riesgos","list","100","False","32","/sites/SYS-GobiernoOperativo-PILOTO/Lists/WB_Riesgos/AllItems.aspx","worklist","P1","active","working_list","direct_support","working_register_flow","execution outcomes; governance bundle","decisions; risks; learnings; capabilities","reuse_with_context","keep_in_support_path","Working list captures operational evidence and feeds review loops.","sharepoint:/sites/SYS-GobiernoOperativo-PILOTO|Get-PnPList","risk register; confirmed present in site"
"30","Activos del sitio","library","101","False","4","/sites/SYS-GobiernoOperativo-PILOTO/SiteAssets/Forms/AllItems.aspx","site_surface","P2","review","library","compare_only","document_repository_flow","working outputs; exports; evidence loads","readbacks; snapshots; curated documents","read_before_reuse","read_and_compare_before_use","Document library stores evidence, exports, and curated artifacts.","sharepoint:/sites/SYS-GobiernoOperativo-PILOTO|Get-PnPList","live site surface from current inventory"
"31","AGT_Agentes","list","100","False","13","/sites/SYS-GobiernoOperativo-PILOTO/Lists/AGT_Agentes/AllItems.aspx","agent","P2","review","agent_list","compare_only","agent_runtime_flow","agent canon; prompts; skills","agent runs; feedback; guardrails","read_before_reuse","read_and_compare_before_use","Agent list carries runtime identity and dispatch context.","sharepoint:/sites/SYS-GobiernoOperativo-PILOTO|Get-PnPList","live site surface from current inventory"
"32","AGT_Feedback","list","100","False","0","/sites/SYS-GobiernoOperativo-PILOTO/Lists/AGT_Feedback/AllItems.aspx","agent","P2","review","agent_list","compare_only","agent_runtime_flow","agent canon; prompts; skills","agent runs; feedback; guardrails","read_before_reuse","read_and_compare_before_use","Agent list carries runtime identity and dispatch context.","sharepoint:/sites/SYS-GobiernoOperativo-PILOTO|Get-PnPList","live site surface from current inventory"
"33","AGT_Guardrails","list","100","False","0","/sites/SYS-GobiernoOperativo-PILOTO/Lists/AGT_Guardrails/AllItems.aspx","agent","P2","review","agent_list","compare_only","agent_runtime_flow","agent canon; prompts; skills","agent runs; feedback; guardrails","read_before_reuse","read_and_compare_before_use","Agent list carries runtime identity and dispatch context.","sharepoint:/sites/SYS-GobiernoOperativo-PILOTO|Get-PnPList","live site surface from current inventory"
"34","AGT_Runs","list","100","False","0","/sites/SYS-GobiernoOperativo-PILOTO/Lists/AGT_Runs/AllItems.aspx","agent","P2","review","agent_list","compare_only","agent_runtime_flow","agent canon; prompts; skills","agent runs; feedback; guardrails","read_before_reuse","read_and_compare_before_use","Agent list carries runtime identity and dispatch context.","sharepoint:/sites/SYS-GobiernoOperativo-PILOTO|Get-PnPList","live site surface from current inventory"
"35","ALT_Alertas","list","100","False","0","/sites/SYS-GobiernoOperativo-PILOTO/Lists/ALT_Alertas/Activos.aspx","alerts","P2","review","list","compare_only","supporting_surface_flow","operational base","dependent surfaces","read_before_reuse","read_and_compare_before_use","Supporting surface participates in the site flow graph.","sharepoint:/sites/SYS-GobiernoOperativo-PILOTO|Get-PnPList","live site surface from current inventory"
"36","AUD_Auditorias","list","100","False","0","/sites/SYS-GobiernoOperativo-PILOTO/Lists/AUD_Auditorias/AllItems.aspx","audit","P2","review","audit_list","compare_only","audit_trail_flow","changes; incidents; requests; releases","closeout; evidence; governance review","read_before_reuse","read_and_compare_before_use","Audit list preserves traceability and closure evidence.","sharepoint:/sites/SYS-GobiernoOperativo-PILOTO|Get-PnPList","live site surface from current inventory"
"37","Biblioteca de estilos","library","101","False","0","/sites/SYS-GobiernoOperativo-PILOTO/Style Library/Forms/AllItems.aspx","site_surface","P2","review","library","compare_only","document_repository_flow","working outputs; exports; evidence loads","readbacks; snapshots; curated documents","read_before_reuse","read_and_compare_before_use","Document library stores evidence, exports, and curated artifacts.","sharepoint:/sites/SYS-GobiernoOperativo-PILOTO|Get-PnPList","live site surface from current inventory"
"38","CHG_Cambios","list","100","False","0","/sites/SYS-GobiernoOperativo-PILOTO/Lists/CHG_Cambios/Activos.aspx","change","P2","review","list","compare_only","supporting_surface_flow","operational base","dependent surfaces","read_before_reuse","read_and_compare_before_use","Supporting surface participates in the site flow graph.","sharepoint:/sites/SYS-GobiernoOperativo-PILOTO|Get-PnPList","live site surface from current inventory"
"39","Detalle de Datos Cargados","list","100","False","10","/sites/SYS-GobiernoOperativo-PILOTO/DetalleDatosCargados/AllItems.aspx","site_surface","P2","review","list","compare_only","supporting_surface_flow","operational base","dependent surfaces","read_before_reuse","read_and_compare_before_use","Supporting surface participates in the site flow graph.","sharepoint:/sites/SYS-GobiernoOperativo-PILOTO|Get-PnPList","live site surface from current inventory"
"40","Documentos","library","101","False","103","/sites/SYS-GobiernoOperativo-PILOTO/Shared Documents/Forms/AllItems.aspx","site_surface","P2","review","library","compare_only","document_repository_flow","working outputs; exports; evidence loads","readbacks; snapshots; curated documents","read_before_reuse","read_and_compare_before_use","Document library stores evidence, exports, and curated artifacts.","sharepoint:/sites/SYS-GobiernoOperativo-PILOTO|Get-PnPList","live site surface from current inventory"
"41","ESC_Escalamientos","list","100","False","0","/sites/SYS-GobiernoOperativo-PILOTO/Lists/ESC_Escalamientos/AllItems.aspx","site_surface","P2","review","list","compare_only","supporting_surface_flow","operational base","dependent surfaces","read_before_reuse","read_and_compare_before_use","Supporting surface participates in the site flow graph.","sharepoint:/sites/SYS-GobiernoOperativo-PILOTO|Get-PnPList","live site surface from current inventory"
"42","EVD_Evidencias","list","100","False","0","/sites/SYS-GobiernoOperativo-PILOTO/Lists/EVD_Evidencias/AllItems.aspx","site_surface","P2","review","list","compare_only","supporting_surface_flow","operational base","dependent surfaces","read_before_reuse","read_and_compare_before_use","Supporting surface participates in the site flow graph.","sharepoint:/sites/SYS-GobiernoOperativo-PILOTO|Get-PnPList","live site surface from current inventory"
"43","INC_Incidentes","list","100","False","0","/sites/SYS-GobiernoOperativo-PILOTO/Lists/INC_Incidentes/Activos.aspx","incident","P2","review","list","compare_only","supporting_surface_flow","operational base","dependent surfaces","read_before_reuse","read_and_compare_before_use","Supporting surface participates in the site flow graph.","sharepoint:/sites/SYS-GobiernoOperativo-PILOTO|Get-PnPList","live site surface from current inventory"
"44","KB_Articulos","list","100","False","0","/sites/SYS-GobiernoOperativo-PILOTO/Lists/KB_Articulos/AllItems.aspx","knowledge","P2","review","list","compare_only","supporting_surface_flow","operational base","dependent surfaces","read_before_reuse","read_and_compare_before_use","Supporting surface participates in the site flow graph.","sharepoint:/sites/SYS-GobiernoOperativo-PILOTO|Get-PnPList","live site surface from current inventory"
"45","KB_ErroresRecurrentes","list","100","False","0","/sites/SYS-GobiernoOperativo-PILOTO/Lists/KB_ErroresRecurrentes/AllItems.aspx","knowledge","P2","review","list","compare_only","supporting_surface_flow","operational base","dependent surfaces","read_before_reuse","read_and_compare_before_use","Supporting surface participates in the site flow graph.","sharepoint:/sites/SYS-GobiernoOperativo-PILOTO|Get-PnPList","live site surface from current inventory"
"46","LIB_DesignSystem","library","101","False","1","/sites/SYS-GobiernoOperativo-PILOTO/LIB_DesignSystem/Forms/AllItems.aspx","library","P2","review","support_library","compare_only","support_library_flow","governance core; working lists","agents; boards; readbacks; execution packages","read_before_reuse","read_and_compare_before_use","Support library feeds reuse, prompts, runbooks, and evidence.","sharepoint:/sites/SYS-GobiernoOperativo-PILOTO|Get-PnPList","live site surface from current inventory"
"47","LIB_PuenteDocumental_SGIN","library","101","False","0","/sites/SYS-GobiernoOperativo-PILOTO/LIB_PuenteDocumental_SGIN/Forms/AllItems.aspx","library","P2","review","support_library","compare_only","support_library_flow","governance core; working lists","agents; boards; readbacks; execution packages","read_before_reuse","read_and_compare_before_use","Support library feeds reuse, prompts, runbooks, and evidence.","sharepoint:/sites/SYS-GobiernoOperativo-PILOTO|Get-PnPList","live site surface from current inventory"
"48","LIB_VozInstitucional","library","101","False","0","/sites/SYS-GobiernoOperativo-PILOTO/LIB_VozInstitucional/Forms/AllItems.aspx","library","P2","review","support_library","compare_only","support_library_flow","governance core; working lists","agents; boards; readbacks; execution packages","read_before_reuse","read_and_compare_before_use","Support library feeds reuse, prompts, runbooks, and evidence.","sharepoint:/sites/SYS-GobiernoOperativo-PILOTO|Get-PnPList","live site surface from current inventory"
"49","NTF_Notificaciones","list","100","False","0","/sites/SYS-GobiernoOperativo-PILOTO/Lists/NTF_Notificaciones/AllItems.aspx","notification","P2","review","list","compare_only","supporting_surface_flow","operational base","dependent surfaces","read_before_reuse","read_and_compare_before_use","Supporting surface participates in the site flow graph.","sharepoint:/sites/SYS-GobiernoOperativo-PILOTO|Get-PnPList","live site surface from current inventory"
"50","Páginas del sitio","other","119","False","5","/sites/SYS-GobiernoOperativo-PILOTO/SitePages/Forms/ByAuthor.aspx","site_surface","P2","review","other","compare_only","supporting_surface_flow","operational base","dependent surfaces","read_before_reuse","read_and_compare_before_use","Supporting surface participates in the site flow graph.","sharepoint:/sites/SYS-GobiernoOperativo-PILOTO|Get-PnPList","live site surface from current inventory"
"51","Plantillas de formulario","library","101","False","0","/sites/SYS-GobiernoOperativo-PILOTO/FormServerTemplates/Forms/All Forms.aspx","site_surface","P2","review","library","compare_only","document_repository_flow","working outputs; exports; evidence loads","readbacks; snapshots; curated documents","read_before_reuse","read_and_compare_before_use","Document library stores evidence, exports, and curated artifacts.","sharepoint:/sites/SYS-GobiernoOperativo-PILOTO|Get-PnPList","live site surface from current inventory"
"52","REG_GitSharePoint_Control","list","100","False","6","/sites/SYS-GobiernoOperativo-PILOTO/Lists/REG_GitSharePoint_Control/Activos por estado.aspx","registry","P2","review","list","compare_only","supporting_surface_flow","operational base","dependent surfaces","read_before_reuse","read_and_compare_before_use","Supporting surface participates in the site flow graph.","sharepoint:/sites/SYS-GobiernoOperativo-PILOTO|Get-PnPList","live site surface from current inventory"
"53","Registro de Cargas","list","100","False","2","/sites/SYS-GobiernoOperativo-PILOTO/RegistroCargas/AllItems.aspx","site_surface","P2","review","list","compare_only","supporting_surface_flow","operational base","dependent surfaces","read_before_reuse","read_and_compare_before_use","Supporting surface participates in the site flow graph.","sharepoint:/sites/SYS-GobiernoOperativo-PILOTO|Get-PnPList","live site surface from current inventory"
"54","REL_Releases","list","100","False","0","/sites/SYS-GobiernoOperativo-PILOTO/Lists/REL_Releases/AllItems.aspx","release","P2","review","list","compare_only","supporting_surface_flow","operational base","dependent surfaces","read_before_reuse","read_and_compare_before_use","Supporting surface participates in the site flow graph.","sharepoint:/sites/SYS-GobiernoOperativo-PILOTO|Get-PnPList","live site surface from current inventory"
"55","REQ_Solicitudes","list","100","False","0","/sites/SYS-GobiernoOperativo-PILOTO/Lists/REQ_Solicitudes/AllItems.aspx","request","P2","review","list","compare_only","supporting_surface_flow","operational base","dependent surfaces","read_before_reuse","read_and_compare_before_use","Supporting surface participates in the site flow graph.","sharepoint:/sites/SYS-GobiernoOperativo-PILOTO|Get-PnPList","live site surface from current inventory"
"56","SD_Actas","list","100","False","0","/sites/SYS-GobiernoOperativo-PILOTO/Lists/SD_Actas/AllItems.aspx","sdu","P2","review","list","compare_only","supporting_surface_flow","operational base","dependent surfaces","read_before_reuse","read_and_compare_before_use","Supporting surface participates in the site flow graph.","sharepoint:/sites/SYS-GobiernoOperativo-PILOTO|Get-PnPList","live site surface from current inventory"
"57","SD_BitacoraUniversal","list","100","False","0","/sites/SYS-GobiernoOperativo-PILOTO/Lists/SD_BitacoraUniversal/AllItems.aspx","sdu","P2","review","list","compare_only","supporting_surface_flow","operational base","dependent surfaces","read_before_reuse","read_and_compare_before_use","Supporting surface participates in the site flow graph.","sharepoint:/sites/SYS-GobiernoOperativo-PILOTO|Get-PnPList","live site surface from current inventory"
"58","SD_Comunicaciones","list","100","False","0","/sites/SYS-GobiernoOperativo-PILOTO/Lists/SD_Comunicaciones/AllItems.aspx","sdu","P2","review","list","compare_only","supporting_surface_flow","operational base","dependent surfaces","read_before_reuse","read_and_compare_before_use","Supporting surface participates in the site flow graph.","sharepoint:/sites/SYS-GobiernoOperativo-PILOTO|Get-PnPList","live site surface from current inventory"
"59","SD_EjecucionesAgente","list","100","False","1","/sites/SYS-GobiernoOperativo-PILOTO/Lists/SD_EjecucionesAgente/AllItems.aspx","sdu","P2","active","list","compare_only","supporting_surface_flow","operational base","dependent surfaces","read_before_reuse","read_and_compare_before_use","Supporting surface participates in the site flow graph.","sharepoint:/sites/SYS-GobiernoOperativo-PILOTO|Get-PnPList","live site surface from current inventory"
"60","SD_EventosDeclarativos","list","100","False","2","/sites/SYS-GobiernoOperativo-PILOTO/Lists/SD_EventosDeclarativos/AllItems.aspx","sdu","P2","review","list","compare_only","supporting_surface_flow","operational base","dependent surfaces","read_before_reuse","read_and_compare_before_use","Supporting surface participates in the site flow graph.","sharepoint:/sites/SYS-GobiernoOperativo-PILOTO|Get-PnPList","live site surface from current inventory"
"61","SD_Evidencias","list","100","False","2","/sites/SYS-GobiernoOperativo-PILOTO/Lists/SD_Evidencias/AllItems.aspx","sdu","P2","review","list","compare_only","supporting_surface_flow","operational base","dependent surfaces","read_before_reuse","read_and_compare_before_use","Supporting surface participates in the site flow graph.","sharepoint:/sites/SYS-GobiernoOperativo-PILOTO|Get-PnPList","live site surface from current inventory"
"62","SD_KPIs","list","100","False","0","/sites/SYS-GobiernoOperativo-PILOTO/Lists/SD_KPIs/AllItems.aspx","sdu","P2","review","list","compare_only","supporting_surface_flow","operational base","dependent surfaces","read_before_reuse","read_and_compare_before_use","Supporting surface participates in the site flow graph.","sharepoint:/sites/SYS-GobiernoOperativo-PILOTO|Get-PnPList","live site surface from current inventory"
"63","SD_KYC_InventarioDocumental","list","100","False","0","/sites/SYS-GobiernoOperativo-PILOTO/Lists/SD_KYC_InventarioDocumental/AllItems.aspx","sdu","P2","review","list","compare_only","supporting_surface_flow","operational base","dependent surfaces","read_before_reuse","read_and_compare_before_use","Supporting surface participates in the site flow graph.","sharepoint:/sites/SYS-GobiernoOperativo-PILOTO|Get-PnPList","live site surface from current inventory"
"64","SD_MedicionesKPI","list","100","False","0","/sites/SYS-GobiernoOperativo-PILOTO/Lists/SD_MedicionesKPI/AllItems.aspx","sdu","P2","review","list","compare_only","supporting_surface_flow","operational base","dependent surfaces","read_before_reuse","read_and_compare_before_use","Supporting surface participates in the site flow graph.","sharepoint:/sites/SYS-GobiernoOperativo-PILOTO|Get-PnPList","live site surface from current inventory"
"65","SD_RACI","list","100","False","0","/sites/SYS-GobiernoOperativo-PILOTO/Lists/SD_RACI/AllItems.aspx","sdu","P2","review","list","compare_only","supporting_surface_flow","operational base","dependent surfaces","read_before_reuse","read_and_compare_before_use","Supporting surface participates in the site flow graph.","sharepoint:/sites/SYS-GobiernoOperativo-PILOTO|Get-PnPList","live site surface from current inventory"
"66","SD_ReglasEvento","list","100","False","0","/sites/SYS-GobiernoOperativo-PILOTO/Lists/SD_ReglasEvento/AllItems.aspx","sdu","P2","review","list","compare_only","supporting_surface_flow","operational base","dependent surfaces","read_before_reuse","read_and_compare_before_use","Supporting surface participates in the site flow graph.","sharepoint:/sites/SYS-GobiernoOperativo-PILOTO|Get-PnPList","live site surface from current inventory"
"67","SEI_Alias","list","100","False","0","/sites/SYS-GobiernoOperativo-PILOTO/Lists/SEI_Alias/AllItems.aspx","semantics","P2","review","list","compare_only","supporting_surface_flow","operational base","dependent surfaces","read_before_reuse","read_and_compare_before_use","Supporting surface participates in the site flow graph.","sharepoint:/sites/SYS-GobiernoOperativo-PILOTO|Get-PnPList","live site surface from current inventory"
"68","SEI_CambiosTaxonomicos","list","100","False","0","/sites/SYS-GobiernoOperativo-PILOTO/Lists/SEI_CambiosTaxonomicos/AllItems.aspx","semantics","P2","review","list","compare_only","supporting_surface_flow","operational base","dependent surfaces","read_before_reuse","read_and_compare_before_use","Supporting surface participates in the site flow graph.","sharepoint:/sites/SYS-GobiernoOperativo-PILOTO|Get-PnPList","live site surface from current inventory"
"69","SEI_Conceptos","list","100","False","0","/sites/SYS-GobiernoOperativo-PILOTO/Lists/SEI_Conceptos/AllItems.aspx","semantics","P2","review","list","compare_only","supporting_surface_flow","operational base","dependent surfaces","read_before_reuse","read_and_compare_before_use","Supporting surface participates in the site flow graph.","sharepoint:/sites/SYS-GobiernoOperativo-PILOTO|Get-PnPList","live site surface from current inventory"
"70","SEI_MapeosLocales","list","100","False","0","/sites/SYS-GobiernoOperativo-PILOTO/Lists/SEI_MapeosLocales/AllItems.aspx","semantics","P2","review","list","compare_only","supporting_surface_flow","operational base","dependent surfaces","read_before_reuse","read_and_compare_before_use","Supporting surface participates in the site flow graph.","sharepoint:/sites/SYS-GobiernoOperativo-PILOTO|Get-PnPList","live site surface from current inventory"
"71","SEI_Namespaces","list","100","False","5","/sites/SYS-GobiernoOperativo-PILOTO/Lists/SEI_Namespaces/AllItems.aspx","semantics","P2","review","list","compare_only","supporting_surface_flow","operational base","dependent surfaces","read_before_reuse","read_and_compare_before_use","Supporting surface participates in the site flow graph.","sharepoint:/sites/SYS-GobiernoOperativo-PILOTO|Get-PnPList","live site surface from current inventory"
"72","SEI_Relaciones","list","100","False","0","/sites/SYS-GobiernoOperativo-PILOTO/Lists/SEI_Relaciones/AllItems.aspx","semantics","P2","review","list","compare_only","supporting_surface_flow","operational base","dependent surfaces","read_before_reuse","read_and_compare_before_use","Supporting surface participates in the site flow graph.","sharepoint:/sites/SYS-GobiernoOperativo-PILOTO|Get-PnPList","live site surface from current inventory"
"73","SEI_Terminos","list","100","False","3","/sites/SYS-GobiernoOperativo-PILOTO/Lists/SEI_Terminos/AllItems.aspx","semantics","P2","review","list","compare_only","supporting_surface_flow","operational base","dependent surfaces","read_before_reuse","read_and_compare_before_use","Supporting surface participates in the site flow graph.","sharepoint:/sites/SYS-GobiernoOperativo-PILOTO|Get-PnPList","live site surface from current inventory"
"74","SEI_Versiones","list","100","False","0","/sites/SYS-GobiernoOperativo-PILOTO/Lists/SEI_Versiones/AllItems.aspx","semantics","P2","review","list","compare_only","supporting_surface_flow","operational base","dependent surfaces","read_before_reuse","read_and_compare_before_use","Supporting surface participates in the site flow graph.","sharepoint:/sites/SYS-GobiernoOperativo-PILOTO|Get-PnPList","live site surface from current inventory"
"75","SYS_Ambientes","list","100","False","0","/sites/SYS-GobiernoOperativo-PILOTO/Lists/SYS_Ambientes/AllItems.aspx","system","P2","review","system_list","compare_only","system_console_flow","live signals; control bundle","backlog; operational reviews; support surfaces","read_before_reuse","read_and_compare_before_use","System list concentrates status and operational control.","sharepoint:/sites/SYS-GobiernoOperativo-PILOTO|Get-PnPList","live site surface from current inventory"
"76","SYS_ArtefactosDeclarativos","list","100","False","0","/sites/SYS-GobiernoOperativo-PILOTO/Lists/SYS_ArtefactosDeclarativos/AllItems.aspx","system","P2","review","system_list","compare_only","system_console_flow","live signals; control bundle","backlog; operational reviews; support surfaces","read_before_reuse","read_and_compare_before_use","System list concentrates status and operational control.","sharepoint:/sites/SYS-GobiernoOperativo-PILOTO|Get-PnPList","live site surface from current inventory"
"77","SYS_Componentes","list","100","False","0","/sites/SYS-GobiernoOperativo-PILOTO/Lists/SYS_Componentes/AllItems.aspx","system","P2","review","system_list","compare_only","system_console_flow","live signals; control bundle","backlog; operational reviews; support surfaces","read_before_reuse","read_and_compare_before_use","System list concentrates status and operational control.","sharepoint:/sites/SYS-GobiernoOperativo-PILOTO|Get-PnPList","live site surface from current inventory"
"78","SYS_Conexiones","list","100","False","0","/sites/SYS-GobiernoOperativo-PILOTO/Lists/SYS_Conexiones/AllItems.aspx","system","P2","review","system_list","compare_only","system_console_flow","live signals; control bundle","backlog; operational reviews; support surfaces","read_before_reuse","read_and_compare_before_use","System list concentrates status and operational control.","sharepoint:/sites/SYS-GobiernoOperativo-PILOTO|Get-PnPList","live site surface from current inventory"
"79","SYS_Dependencias","list","100","False","0","/sites/SYS-GobiernoOperativo-PILOTO/Lists/SYS_Dependencias/AllItems.aspx","system","P2","review","system_list","compare_only","system_console_flow","live signals; control bundle","backlog; operational reviews; support surfaces","read_before_reuse","read_and_compare_before_use","System list concentrates status and operational control.","sharepoint:/sites/SYS-GobiernoOperativo-PILOTO|Get-PnPList","live site surface from current inventory"
"80","SYS_ErroresSoluciones","list","100","False","13","/sites/SYS-GobiernoOperativo-PILOTO/Lists/SYS_ErroresSoluciones/AllItems.aspx","system","P2","review","system_list","compare_only","system_console_flow","live signals; control bundle","backlog; operational reviews; support surfaces","read_before_reuse","read_and_compare_before_use","System list concentrates status and operational control.","sharepoint:/sites/SYS-GobiernoOperativo-PILOTO|Get-PnPList","live site surface from current inventory"
"81","SYS_HealthChecks","list","100","False","0","/sites/SYS-GobiernoOperativo-PILOTO/Lists/SYS_HealthChecks/AllItems.aspx","system","P2","review","system_list","compare_only","system_console_flow","live signals; control bundle","backlog; operational reviews; support surfaces","read_before_reuse","read_and_compare_before_use","System list concentrates status and operational control.","sharepoint:/sites/SYS-GobiernoOperativo-PILOTO|Get-PnPList","live site surface from current inventory"
"82","SYS_Permisos","list","100","False","0","/sites/SYS-GobiernoOperativo-PILOTO/Lists/SYS_Permisos/AllItems.aspx","system","P2","review","system_list","compare_only","system_console_flow","live signals; control bundle","backlog; operational reviews; support surfaces","read_before_reuse","read_and_compare_before_use","System list concentrates status and operational control.","sharepoint:/sites/SYS-GobiernoOperativo-PILOTO|Get-PnPList","live site surface from current inventory"
"83","SYS_RiesgosSistema","list","100","False","0","/sites/SYS-GobiernoOperativo-PILOTO/Lists/SYS_RiesgosSistema/AllItems.aspx","system","P2","review","system_list","compare_only","system_console_flow","live signals; control bundle","backlog; operational reviews; support surfaces","read_before_reuse","read_and_compare_before_use","System list concentrates status and operational control.","sharepoint:/sites/SYS-GobiernoOperativo-PILOTO|Get-PnPList","live site surface from current inventory"
"84","TRN_CasosPracticos","list","100","False","0","/sites/SYS-GobiernoOperativo-PILOTO/Lists/TRN_CasosPracticos/AllItems.aspx","training","P2","review","list","compare_only","supporting_surface_flow","operational base","dependent surfaces","read_before_reuse","read_and_compare_before_use","Supporting surface participates in the site flow graph.","sharepoint:/sites/SYS-GobiernoOperativo-PILOTO|Get-PnPList","live site surface from current inventory"
"85","TRN_Modulos","list","100","False","0","/sites/SYS-GobiernoOperativo-PILOTO/Lists/TRN_Modulos/AllItems.aspx","training","P2","review","list","compare_only","supporting_surface_flow","operational base","dependent surfaces","read_before_reuse","read_and_compare_before_use","Supporting surface participates in the site flow graph.","sharepoint:/sites/SYS-GobiernoOperativo-PILOTO|Get-PnPList","live site surface from current inventory"
"86","TRN_RutasAprendizaje","list","100","False","0","/sites/SYS-GobiernoOperativo-PILOTO/Lists/TRN_RutasAprendizaje/AllItems.aspx","training","P2","review","list","compare_only","supporting_surface_flow","operational base","dependent surfaces","read_before_reuse","read_and_compare_before_use","Supporting surface participates in the site flow graph.","sharepoint:/sites/SYS-GobiernoOperativo-PILOTO|Get-PnPList","live site surface from current inventory"
"87","UX_ComponentesVisuales","list","100","False","0","/sites/SYS-GobiernoOperativo-PILOTO/Lists/UX_ComponentesVisuales/AllItems.aspx","ux","P2","review","list","compare_only","supporting_surface_flow","operational base","dependent surfaces","read_before_reuse","read_and_compare_before_use","Supporting surface participates in the site flow graph.","sharepoint:/sites/SYS-GobiernoOperativo-PILOTO|Get-PnPList","live site surface from current inventory"
"88","UX_VistasPatron","list","100","False","0","/sites/SYS-GobiernoOperativo-PILOTO/Lists/UX_VistasPatron/AllItems.aspx","ux","P2","review","list","compare_only","supporting_surface_flow","operational base","dependent surfaces","read_before_reuse","read_and_compare_before_use","Supporting surface participates in the site flow graph.","sharepoint:/sites/SYS-GobiernoOperativo-PILOTO|Get-PnPList","live site surface from current inventory"
"89","VOC_Microcopy","list","100","False","0","/sites/SYS-GobiernoOperativo-PILOTO/Lists/VOC_Microcopy/AllItems.aspx","voice","P2","review","list","compare_only","supporting_surface_flow","operational base","dependent surfaces","read_before_reuse","read_and_compare_before_use","Supporting surface participates in the site flow graph.","sharepoint:/sites/SYS-GobiernoOperativo-PILOTO|Get-PnPList","live site surface from current inventory"
"90","VOC_PlantillasMensajes","list","100","False","0","/sites/SYS-GobiernoOperativo-PILOTO/Lists/VOC_PlantillasMensajes/AllItems.aspx","voice","P2","review","list","compare_only","supporting_surface_flow","operational base","dependent surfaces","read_before_reuse","read_and_compare_before_use","Supporting surface participates in the site flow graph.","sharepoint:/sites/SYS-GobiernoOperativo-PILOTO|Get-PnPList","live site surface from current inventory"
"91","WB_MapeoTaxonomico","list","100","False","45","/sites/SYS-GobiernoOperativo-PILOTO/Lists/WB_MapeoTaxonomico/AllItems.aspx","worklist","P2","review","working_list","compare_only","working_register_flow","execution outcomes; governance bundle","decisions; risks; learnings; capabilities","read_before_reuse","read_and_compare_before_use","Working list captures operational evidence and feeds review loops.","sharepoint:/sites/SYS-GobiernoOperativo-PILOTO|Get-PnPList","live site surface from current inventory"
"92","WB_RevisionSemanal","list","100","False","3","/sites/SYS-GobiernoOperativo-PILOTO/Lists/WB_RevisionSemanal/AllItems.aspx","worklist","P2","active","working_list","compare_only","working_register_flow","execution outcomes; governance bundle","decisions; risks; learnings; capabilities","read_before_reuse","read_and_compare_before_use","Working list captures operational evidence and feeds review loops.","sharepoint:/sites/SYS-GobiernoOperativo-PILOTO|Get-PnPList","live name currently uses no underscore; captures the naming drift observed today"
"93","WB_TaxonomiaFederada","list","100","False","16","/sites/SYS-GobiernoOperativo-PILOTO/Lists/WB_TaxonomiaFederada/AllItems.aspx","worklist","P2","review","working_list","compare_only","working_register_flow","execution outcomes; governance bundle","decisions; risks; learnings; capabilities","read_before_reuse","read_and_compare_before_use","Working list captures operational evidence and feeds review loops.","sharepoint:/sites/SYS-GobiernoOperativo-PILOTO|Get-PnPList","live site surface from current inventory"
"94","WB_ValoresCanonicos","list","100","False","14","/sites/SYS-GobiernoOperativo-PILOTO/Lists/WB_ValoresCanonicos/AllItems.aspx","worklist","P2","review","working_list","compare_only","working_register_flow","execution outcomes; governance bundle","decisions; risks; learnings; capabilities","read_before_reuse","read_and_compare_before_use","Working list captures operational evidence and feeds review loops.","sharepoint:/sites/SYS-GobiernoOperativo-PILOTO|Get-PnPList","live site surface from current inventory"
"95","appdata","other","125","True","0","/sites/SYS-GobiernoOperativo-PILOTO/_catalogs/appdata","site_surface","P3","defer","other","defer_or_archive","deferred_or_archive_flow","reference surfaces; historic carryover","archive; review; gated reactivation","do_not_use_now","defer_until_gated","Non-primary surface stays available for review or archive.","sharepoint:/sites/SYS-GobiernoOperativo-PILOTO|Get-PnPList","live site surface from current inventory"
"96","appfiles","other","126","True","0","/sites/SYS-GobiernoOperativo-PILOTO/_catalogs/appfiles","site_surface","P3","defer","other","defer_or_archive","deferred_or_archive_flow","reference surfaces; historic carryover","archive; review; gated reactivation","do_not_use_now","defer_until_gated","Non-primary surface stays available for review or archive.","sharepoint:/sites/SYS-GobiernoOperativo-PILOTO|Get-PnPList","live site surface from current inventory"
"97","Biblioteca de registros de mantenimiento","other","175","True","2","/sites/SYS-GobiernoOperativo-PILOTO/_catalogs/MaintenanceLogs/Forms/AllItems.aspx","site_surface","P3","defer","other","defer_or_archive","deferred_or_archive_flow","reference surfaces; historic carryover","archive; review; gated reactivation","do_not_use_now","defer_until_gated","Non-primary surface stays available for review or archive.","sharepoint:/sites/SYS-GobiernoOperativo-PILOTO|Get-PnPList","live site surface from current inventory"
"98","Diseños compuestos","other","124","True","18","/sites/SYS-GobiernoOperativo-PILOTO/_catalogs/design/AllItems.aspx","site_surface","P3","defer","other","defer_or_archive","deferred_or_archive_flow","reference surfaces; historic carryover","archive; review; gated reactivation","do_not_use_now","defer_until_gated","Non-primary surface stays available for review or archive.","sharepoint:/sites/SYS-GobiernoOperativo-PILOTO|Get-PnPList","live site surface from current inventory"
"99","DO_NOT_DELETE_SPLIST_SITECOLLECTION_AGGREGATED_CONTENTTYPES","list","100","True","0","/sites/SYS-GobiernoOperativo-PILOTO/Lists/DO_NOT_DELETE_SPLIST_SITECOLLECTION_AGGREGATED_CONTENTTYPES/AllItems.aspx","site_surface","P3","defer","list","defer_or_archive","deferred_or_archive_flow","reference surfaces; historic carryover","archive; review; gated reactivation","do_not_use_now","defer_until_gated","Non-primary surface stays available for review or archive.","sharepoint:/sites/SYS-GobiernoOperativo-PILOTO|Get-PnPList","live site surface from current inventory"
"100","Formularios convertidos","other","10102","True","0","/sites/SYS-GobiernoOperativo-PILOTO/IWConvertedForms/Forms/AllItems.aspx","site_surface","P3","defer","other","defer_or_archive","deferred_or_archive_flow","reference surfaces; historic carryover","archive; review; gated reactivation","do_not_use_now","defer_until_gated","Non-primary surface stays available for review or archive.","sharepoint:/sites/SYS-GobiernoOperativo-PILOTO|Get-PnPList","live site surface from current inventory"
"101","Galería de elementos web","other","113","True","22","/sites/SYS-GobiernoOperativo-PILOTO/_catalogs/wp/Forms/AllItems.aspx","site_surface","P3","defer","other","defer_or_archive","deferred_or_archive_flow","reference surfaces; historic carryover","archive; review; gated reactivation","do_not_use_now","defer_until_gated","Non-primary surface stays available for review or archive.","sharepoint:/sites/SYS-GobiernoOperativo-PILOTO|Get-PnPList","live site surface from current inventory"
"102","Galería de páginas principales","other","116","True","175","/sites/SYS-GobiernoOperativo-PILOTO/_catalogs/masterpage/Forms/AllItems.aspx","site_surface","P3","defer","other","defer_or_archive","deferred_or_archive_flow","reference surfaces; historic carryover","archive; review; gated reactivation","do_not_use_now","defer_until_gated","Non-primary surface stays available for review or archive.","sharepoint:/sites/SYS-GobiernoOperativo-PILOTO|Get-PnPList","live site surface from current inventory"
"103","Galería de plantillas de listas","other","114","True","0","/sites/SYS-GobiernoOperativo-PILOTO/_catalogs/lt/Forms/AllItems.aspx","site_surface","P3","defer","other","defer_or_archive","deferred_or_archive_flow","reference surfaces; historic carryover","archive; review; gated reactivation","do_not_use_now","defer_until_gated","Non-primary surface stays available for review or archive.","sharepoint:/sites/SYS-GobiernoOperativo-PILOTO|Get-PnPList","live site surface from current inventory"
"104","Galería de soluciones","other","121","True","0","/sites/SYS-GobiernoOperativo-PILOTO/_catalogs/solutions/Forms/AllItems.aspx","site_surface","P3","defer","other","defer_or_archive","deferred_or_archive_flow","reference surfaces; historic carryover","archive; review; gated reactivation","do_not_use_now","defer_until_gated","Non-primary surface stays available for review or archive.","sharepoint:/sites/SYS-GobiernoOperativo-PILOTO|Get-PnPList","live site surface from current inventory"
"105","Galería de temas","other","123","True","41","/sites/SYS-GobiernoOperativo-PILOTO/_catalogs/theme/Forms/AllItems.aspx","site_surface","P3","defer","other","defer_or_archive","deferred_or_archive_flow","reference surfaces; historic carryover","archive; review; gated reactivation","do_not_use_now","defer_until_gated","Non-primary surface stays available for review or archive.","sharepoint:/sites/SYS-GobiernoOperativo-PILOTO|Get-PnPList","live site surface from current inventory"
"106","Lista de información del usuario","other","112","True","15","/sites/SYS-GobiernoOperativo-PILOTO/_catalogs/users/detail.aspx","site_surface","P3","defer","other","defer_or_archive","deferred_or_archive_flow","reference surfaces; historic carryover","archive; review; gated reactivation","do_not_use_now","defer_until_gated","Non-primary surface stays available for review or archive.","sharepoint:/sites/SYS-GobiernoOperativo-PILOTO|Get-PnPList","live site surface from current inventory"
"107","TaxonomyHiddenList","list","100","True","0","/sites/SYS-GobiernoOperativo-PILOTO/Lists/TaxonomyHiddenList/AllItems.aspx","site_surface","P3","defer","list","defer_or_archive","deferred_or_archive_flow","reference surfaces; historic carryover","archive; review; gated reactivation","do_not_use_now","defer_until_gated","Non-primary surface stays available for review or archive.","sharepoint:/sites/SYS-GobiernoOperativo-PILOTO|Get-PnPList","live site surface from current inventory"
