"batch_id","item_type","queue_name","queue_id","uniqueidbyqueue","action","status","http_status","workqueueitemid","live_write","printed_secret","payload_sensitive","postcheck","evidence"
"20260603_workqueue_expanded_pilot_dev_v1","connection_seed","SDU.Connection.Seed.Queue","2277b5e7-3f5f-f111-a826-00224805f8f9","20260603_wqexp_v1_connection_seed_0011","created","PASS","204","ea8e7026-525f-f111-a826-00224805fc91","true","false","false","created_pending_aggregate_count","dataverse_web_api_workqueueitems_create"
"20260603_workqueue_expanded_pilot_dev_v1","connection_seed","SDU.Connection.Seed.Queue","2277b5e7-3f5f-f111-a826-00224805f8f9","20260603_wqexp_v1_connection_seed_0012","created","PASS","204","3283a32f-525f-f111-a826-00224805f8f9","true","false","false","created_pending_aggregate_count","dataverse_web_api_workqueueitems_create"
"20260603_workqueue_expanded_pilot_dev_v1","connection_seed","SDU.Connection.Seed.Queue","2277b5e7-3f5f-f111-a826-00224805f8f9","20260603_wqexp_v1_connection_seed_0013","created","PASS","204","3683a32f-525f-f111-a826-00224805f8f9","true","false","false","created_pending_aggregate_count","dataverse_web_api_workqueueitems_create"
"20260603_workqueue_expanded_pilot_dev_v1","connection_seed","SDU.Connection.Seed.Queue","2277b5e7-3f5f-f111-a826-00224805f8f9","20260603_wqexp_v1_connection_seed_0014","created","PASS","204","63129a2f-525f-f111-a826-00224805f9dd","true","false","false","created_pending_aggregate_count","dataverse_web_api_workqueueitems_create"
"20260603_workqueue_expanded_pilot_dev_v1","connection_seed","SDU.Connection.Seed.Queue","2277b5e7-3f5f-f111-a826-00224805f8f9","20260603_wqexp_v1_connection_seed_0015","created","PASS","204","afc8eb33-525f-f111-a826-00224805fc91","true","false","false","created_pending_aggregate_count","dataverse_web_api_workqueueitems_create"
"20260603_workqueue_expanded_pilot_dev_v1","connection_seed","SDU.Connection.Seed.Queue","2277b5e7-3f5f-f111-a826-00224805f8f9","20260603_wqexp_v1_connection_seed_0016","created","PASS","204","9ae56c36-525f-f111-a826-00224805f7d0","true","false","false","created_pending_aggregate_count","dataverse_web_api_workqueueitems_create"
"20260603_workqueue_expanded_pilot_dev_v1","connection_seed","SDU.Connection.Seed.Queue","2277b5e7-3f5f-f111-a826-00224805f8f9","20260603_wqexp_v1_connection_seed_0017","created","PASS","204","8224c537-525f-f111-a826-00224805fcc4","true","false","false","created_pending_aggregate_count","dataverse_web_api_workqueueitems_create"
"20260603_workqueue_expanded_pilot_dev_v1","connection_seed","SDU.Connection.Seed.Queue","2277b5e7-3f5f-f111-a826-00224805f8f9","20260603_wqexp_v1_connection_seed_0018","created","PASS","204","346c9735-525f-f111-a826-00224805f9dd","true","false","false","created_pending_aggregate_count","dataverse_web_api_workqueueitems_create"
"20260603_workqueue_expanded_pilot_dev_v1","connection_seed","SDU.Connection.Seed.Queue","2277b5e7-3f5f-f111-a826-00224805f8f9","20260603_wqexp_v1_connection_seed_0019","created","PASS","204","c373e835-525f-f111-a826-00224805f8f9","true","false","false","created_pending_aggregate_count","dataverse_web_api_workqueueitems_create"
"20260603_workqueue_expanded_pilot_dev_v1","connection_seed","SDU.Connection.Seed.Queue","2277b5e7-3f5f-f111-a826-00224805f8f9","20260603_wqexp_v1_connection_seed_0020","created","PASS","204","333ab63b-525f-f111-a826-00224805f9dd","true","false","false","created_pending_aggregate_count","dataverse_web_api_workqueueitems_create"
"20260603_workqueue_expanded_pilot_dev_v1","connection_seed","SDU.Connection.Seed.Queue","2277b5e7-3f5f-f111-a826-00224805f8f9","20260603_wqexp_v1_connection_seed_0021","created","PASS","204","593ab63b-525f-f111-a826-00224805f9dd","true","false","false","created_pending_aggregate_count","dataverse_web_api_workqueueitems_create"
"20260603_workqueue_expanded_pilot_dev_v1","connection_seed","SDU.Connection.Seed.Queue","2277b5e7-3f5f-f111-a826-00224805f8f9","20260603_wqexp_v1_connection_seed_0022","created","PASS","204","aa9f243c-525f-f111-a826-00224805f2e4","true","false","false","created_pending_aggregate_count","dataverse_web_api_workqueueitems_create"
"20260603_workqueue_expanded_pilot_dev_v1","connection_seed","SDU.Connection.Seed.Queue","2277b5e7-3f5f-f111-a826-00224805f8f9","20260603_wqexp_v1_connection_seed_0023","created","PASS","204","7681fc3c-525f-f111-a826-00224805f8f9","true","false","false","created_pending_aggregate_count","dataverse_web_api_workqueueitems_create"
"20260603_workqueue_expanded_pilot_dev_v1","connection_seed","SDU.Connection.Seed.Queue","2277b5e7-3f5f-f111-a826-00224805f8f9","20260603_wqexp_v1_connection_seed_0024","created","PASS","204","8581fc3c-525f-f111-a826-00224805f8f9","true","false","false","created_pending_aggregate_count","dataverse_web_api_workqueueitems_create"
"20260603_workqueue_expanded_pilot_dev_v1","connection_seed","SDU.Connection.Seed.Queue","2277b5e7-3f5f-f111-a826-00224805f8f9","20260603_wqexp_v1_connection_seed_0025","created","PASS","204","a8ca7c43-525f-f111-a826-00224805f8f9","true","false","false","created_pending_aggregate_count","dataverse_web_api_workqueueitems_create"
"20260603_workqueue_expanded_pilot_dev_v1","connection_seed","SDU.Connection.Seed.Queue","2277b5e7-3f5f-f111-a826-00224805f8f9","20260603_wqexp_v1_connection_seed_0026","created","PASS","204","be552c40-525f-f111-a826-00224805fc91","true","false","false","created_pending_aggregate_count","dataverse_web_api_workqueueitems_create"
"20260603_workqueue_expanded_pilot_dev_v1","connection_seed","SDU.Connection.Seed.Queue","2277b5e7-3f5f-f111-a826-00224805f8f9","20260603_wqexp_v1_connection_seed_0027","created","PASS","204","53bbae45-525f-f111-a826-00224805f7d0","true","false","false","created_pending_aggregate_count","dataverse_web_api_workqueueitems_create"
"20260603_workqueue_expanded_pilot_dev_v1","connection_seed","SDU.Connection.Seed.Queue","2277b5e7-3f5f-f111-a826-00224805f8f9","20260603_wqexp_v1_connection_seed_0028","created","PASS","204","800e2846-525f-f111-a826-00224805fc91","true","false","false","created_pending_aggregate_count","dataverse_web_api_workqueueitems_create"
"20260603_workqueue_expanded_pilot_dev_v1","connection_seed","SDU.Connection.Seed.Queue","2277b5e7-3f5f-f111-a826-00224805f8f9","20260603_wqexp_v1_connection_seed_0029","created","PASS","204","420d7a49-525f-f111-a826-00224805f8f9","true","false","false","created_pending_aggregate_count","dataverse_web_api_workqueueitems_create"
"20260603_workqueue_expanded_pilot_dev_v1","connection_seed","SDU.Connection.Seed.Queue","2277b5e7-3f5f-f111-a826-00224805f8f9","20260603_wqexp_v1_connection_seed_0030","created","PASS","204","a5073048-525f-f111-a826-00224805f2e4","true","false","false","created_pending_aggregate_count","dataverse_web_api_workqueueitems_create"
"20260603_workqueue_expanded_pilot_dev_v1","connection_seed","SDU.Connection.Seed.Queue","2277b5e7-3f5f-f111-a826-00224805f8f9","20260603_wqexp_v1_connection_seed_0031","created","PASS","204","c1871b4e-525f-f111-a826-00224805f9dd","true","false","false","created_pending_aggregate_count","dataverse_web_api_workqueueitems_create"
"20260603_workqueue_expanded_pilot_dev_v1","connection_seed","SDU.Connection.Seed.Queue","2277b5e7-3f5f-f111-a826-00224805f8f9","20260603_wqexp_v1_connection_seed_0032","created","PASS","204","a96ec04b-525f-f111-a826-00224805fcc4","true","false","false","created_pending_aggregate_count","dataverse_web_api_workqueueitems_create"
"20260603_workqueue_expanded_pilot_dev_v1","connection_seed","SDU.Connection.Seed.Queue","2277b5e7-3f5f-f111-a826-00224805f8f9","20260603_wqexp_v1_connection_seed_0033","created","PASS","204","b76ec04b-525f-f111-a826-00224805fcc4","true","false","false","created_pending_aggregate_count","dataverse_web_api_workqueueitems_create"
"20260603_workqueue_expanded_pilot_dev_v1","connection_seed","SDU.Connection.Seed.Queue","2277b5e7-3f5f-f111-a826-00224805f8f9","20260603_wqexp_v1_connection_seed_0034","created","PASS","204","849f4252-525f-f111-a826-00224805fc91","true","false","false","created_pending_aggregate_count","dataverse_web_api_workqueueitems_create"
"20260603_workqueue_expanded_pilot_dev_v1","connection_seed","SDU.Connection.Seed.Queue","2277b5e7-3f5f-f111-a826-00224805f8f9","20260603_wqexp_v1_connection_seed_0035","created","PASS","204","4067c74f-525f-f111-a826-00224805f2e4","true","false","false","created_pending_aggregate_count","dataverse_web_api_workqueueitems_create"
"20260603_workqueue_expanded_pilot_dev_v1","connection_seed","SDU.Connection.Seed.Queue","2277b5e7-3f5f-f111-a826-00224805f8f9","20260603_wqexp_v1_connection_seed_0036","created","PASS","204","b89f4252-525f-f111-a826-00224805fc91","true","false","false","created_pending_aggregate_count","dataverse_web_api_workqueueitems_create"
"20260603_workqueue_expanded_pilot_dev_v1","connection_seed","SDU.Connection.Seed.Queue","2277b5e7-3f5f-f111-a826-00224805f8f9","20260603_wqexp_v1_connection_seed_0037","created","PASS","204","97db3e54-525f-f111-a826-00224805f9dd","true","false","false","created_pending_aggregate_count","dataverse_web_api_workqueueitems_create"
"20260603_workqueue_expanded_pilot_dev_v1","connection_seed","SDU.Connection.Seed.Queue","2277b5e7-3f5f-f111-a826-00224805f8f9","20260603_wqexp_v1_connection_seed_0038","created","PASS","204","8b3af955-525f-f111-a826-00224805f2e4","true","false","false","created_pending_aggregate_count","dataverse_web_api_workqueueitems_create"
"20260603_workqueue_expanded_pilot_dev_v1","connection_seed","SDU.Connection.Seed.Queue","2277b5e7-3f5f-f111-a826-00224805f8f9","20260603_wqexp_v1_connection_seed_0039","created","PASS","204","5262d45a-525f-f111-a826-00224805f8f9","true","false","false","created_pending_aggregate_count","dataverse_web_api_workqueueitems_create"
"20260603_workqueue_expanded_pilot_dev_v1","connection_seed","SDU.Connection.Seed.Queue","2277b5e7-3f5f-f111-a826-00224805f8f9","20260603_wqexp_v1_connection_seed_0040","created","PASS","204","aadc315b-525f-f111-a826-00224805f9dd","true","false","false","created_pending_aggregate_count","dataverse_web_api_workqueueitems_create"
"20260603_workqueue_expanded_pilot_dev_v1","connection_seed","SDU.Connection.Seed.Queue","2277b5e7-3f5f-f111-a826-00224805f8f9","20260603_wqexp_v1_connection_seed_0041","created","PASS","204","9e269f5e-525f-f111-a826-00224805fc91","true","false","false","created_pending_aggregate_count","dataverse_web_api_workqueueitems_create"
"20260603_workqueue_expanded_pilot_dev_v1","connection_seed","SDU.Connection.Seed.Queue","2277b5e7-3f5f-f111-a826-00224805f8f9","20260603_wqexp_v1_connection_seed_0042","created","PASS","204","83bd8e5e-525f-f111-a826-00224805fcc4","true","false","false","created_pending_aggregate_count","dataverse_web_api_workqueueitems_create"
"20260603_workqueue_expanded_pilot_dev_v1","connection_seed","SDU.Connection.Seed.Queue","2277b5e7-3f5f-f111-a826-00224805f8f9","20260603_wqexp_v1_connection_seed_0043","created","PASS","204","a2804e61-525f-f111-a826-00224805f9dd","true","false","false","created_pending_aggregate_count","dataverse_web_api_workqueueitems_create"
"20260603_workqueue_expanded_pilot_dev_v1","connection_seed","SDU.Connection.Seed.Queue","2277b5e7-3f5f-f111-a826-00224805f8f9","20260603_wqexp_v1_connection_seed_0044","created","PASS","204","a7804e61-525f-f111-a826-00224805f9dd","true","false","false","created_pending_aggregate_count","dataverse_web_api_workqueueitems_create"
"20260603_workqueue_expanded_pilot_dev_v1","connection_seed","SDU.Connection.Seed.Queue","2277b5e7-3f5f-f111-a826-00224805f8f9","20260603_wqexp_v1_connection_seed_0045","created","PASS","204","8d8da262-525f-f111-a826-00224805f8f9","true","false","false","created_pending_aggregate_count","dataverse_web_api_workqueueitems_create"
"20260603_workqueue_expanded_pilot_dev_v1","connection_seed","SDU.Connection.Seed.Queue","2277b5e7-3f5f-f111-a826-00224805f8f9","20260603_wqexp_v1_connection_seed_0046","created","PASS","204","918da262-525f-f111-a826-00224805f8f9","true","false","false","created_pending_aggregate_count","dataverse_web_api_workqueueitems_create"
"20260603_workqueue_expanded_pilot_dev_v1","connection_seed","SDU.Connection.Seed.Queue","2277b5e7-3f5f-f111-a826-00224805f8f9","20260603_wqexp_v1_connection_seed_0047","created","PASS","204","887fce69-525f-f111-a826-00224805f2e4","true","false","false","created_pending_aggregate_count","dataverse_web_api_workqueueitems_create"
"20260603_workqueue_expanded_pilot_dev_v1","connection_seed","SDU.Connection.Seed.Queue","2277b5e7-3f5f-f111-a826-00224805f8f9","20260603_wqexp_v1_connection_seed_0048","created","PASS","204","009ad869-525f-f111-a826-00224805f8f9","true","false","false","created_pending_aggregate_count","dataverse_web_api_workqueueitems_create"
"20260603_workqueue_expanded_pilot_dev_v1","connection_seed","SDU.Connection.Seed.Queue","2277b5e7-3f5f-f111-a826-00224805f8f9","20260603_wqexp_v1_connection_seed_0049","created","PASS","204","3d18ed6a-525f-f111-a826-00224805fc91","true","false","false","created_pending_aggregate_count","dataverse_web_api_workqueueitems_create"
"20260603_workqueue_expanded_pilot_dev_v1","connection_seed","SDU.Connection.Seed.Queue","2277b5e7-3f5f-f111-a826-00224805f8f9","20260603_wqexp_v1_connection_seed_0050","created","PASS","204","5e18ed6a-525f-f111-a826-00224805fc91","true","false","false","created_pending_aggregate_count","dataverse_web_api_workqueueitems_create"
"20260603_workqueue_expanded_pilot_dev_v1","connection_seed","SDU.Connection.Seed.Queue","2277b5e7-3f5f-f111-a826-00224805f8f9","20260603_wqexp_v1_connection_seed_0051","created","PASS","204","020bab6d-525f-f111-a826-00224805f9dd","true","false","false","created_pending_aggregate_count","dataverse_web_api_workqueueitems_create"
"20260603_workqueue_expanded_pilot_dev_v1","connection_seed","SDU.Connection.Seed.Queue","2277b5e7-3f5f-f111-a826-00224805f8f9","20260603_wqexp_v1_connection_seed_0052","created","PASS","204","0fce7b71-525f-f111-a826-00224805fc91","true","false","false","created_pending_aggregate_count","dataverse_web_api_workqueueitems_create"
"20260603_workqueue_expanded_pilot_dev_v1","connection_seed","SDU.Connection.Seed.Queue","2277b5e7-3f5f-f111-a826-00224805f8f9","20260603_wqexp_v1_connection_seed_0053","created","PASS","204","fc94d06f-525f-f111-a826-00224805f2e4","true","false","false","created_pending_aggregate_count","dataverse_web_api_workqueueitems_create"
"20260603_workqueue_expanded_pilot_dev_v1","connection_seed","SDU.Connection.Seed.Queue","2277b5e7-3f5f-f111-a826-00224805f8f9","20260603_wqexp_v1_connection_seed_0054","created","PASS","204","0b8a3574-525f-f111-a826-00224805f9dd","true","false","false","created_pending_aggregate_count","dataverse_web_api_workqueueitems_create"
"20260603_workqueue_expanded_pilot_dev_v1","connection_seed","SDU.Connection.Seed.Queue","2277b5e7-3f5f-f111-a826-00224805f8f9","20260603_wqexp_v1_connection_seed_0055","created","PASS","204","e879b870-525f-f111-a826-00224805fcc4","true","false","false","created_pending_aggregate_count","dataverse_web_api_workqueueitems_create"
"20260603_workqueue_expanded_pilot_dev_v1","connection_seed","SDU.Connection.Seed.Queue","2277b5e7-3f5f-f111-a826-00224805f8f9","20260603_wqexp_v1_connection_seed_0056","created","PASS","204","0e8a3574-525f-f111-a826-00224805f9dd","true","false","false","created_pending_aggregate_count","dataverse_web_api_workqueueitems_create"
"20260603_workqueue_expanded_pilot_dev_v1","connection_seed","SDU.Connection.Seed.Queue","2277b5e7-3f5f-f111-a826-00224805f8f9","20260603_wqexp_v1_connection_seed_0057","created","PASS","204","04efa578-525f-f111-a826-00224805fc91","true","false","false","created_pending_aggregate_count","dataverse_web_api_workqueueitems_create"
"20260603_workqueue_expanded_pilot_dev_v1","connection_seed","SDU.Connection.Seed.Queue","2277b5e7-3f5f-f111-a826-00224805f8f9","20260603_wqexp_v1_connection_seed_0058","created","PASS","204","118a3574-525f-f111-a826-00224805f9dd","true","false","false","created_pending_aggregate_count","dataverse_web_api_workqueueitems_create"
"20260603_workqueue_expanded_pilot_dev_v1","connection_seed","SDU.Connection.Seed.Queue","2277b5e7-3f5f-f111-a826-00224805f8f9","20260603_wqexp_v1_connection_seed_0059","created","PASS","204","3bf8397a-525f-f111-a826-00224805f9dd","true","false","false","created_pending_aggregate_count","dataverse_web_api_workqueueitems_create"
"20260603_workqueue_expanded_pilot_dev_v1","connection_seed","SDU.Connection.Seed.Queue","2277b5e7-3f5f-f111-a826-00224805f8f9","20260603_wqexp_v1_connection_seed_0060","created","PASS","204","0dea447d-525f-f111-a826-00224805f8f9","true","false","false","created_pending_aggregate_count","dataverse_web_api_workqueueitems_create"
"20260603_workqueue_expanded_pilot_dev_v1","connection_seed","SDU.Connection.Seed.Queue","2277b5e7-3f5f-f111-a826-00224805f8f9","20260603_wqexp_v1_connection_seed_0061","created","PASS","204","40f8397a-525f-f111-a826-00224805f9dd","true","false","false","created_pending_aggregate_count","dataverse_web_api_workqueueitems_create"
"20260603_workqueue_expanded_pilot_dev_v1","connection_seed","SDU.Connection.Seed.Queue","2277b5e7-3f5f-f111-a826-00224805f8f9","20260603_wqexp_v1_connection_seed_0062","created","PASS","204","46c1e47f-525f-f111-a826-00224805fcc4","true","false","false","created_pending_aggregate_count","dataverse_web_api_workqueueitems_create"
"20260603_workqueue_expanded_pilot_dev_v1","connection_seed","SDU.Connection.Seed.Queue","2277b5e7-3f5f-f111-a826-00224805f8f9","20260603_wqexp_v1_connection_seed_0063","created","PASS","204","1cea447d-525f-f111-a826-00224805f8f9","true","false","false","created_pending_aggregate_count","dataverse_web_api_workqueueitems_create"
"20260603_workqueue_expanded_pilot_dev_v1","connection_seed","SDU.Connection.Seed.Queue","2277b5e7-3f5f-f111-a826-00224805f8f9","20260603_wqexp_v1_connection_seed_0064","created","PASS","204","f41f2881-525f-f111-a826-00224805f9dd","true","false","false","created_pending_aggregate_count","dataverse_web_api_workqueueitems_create"
"20260603_workqueue_expanded_pilot_dev_v1","connection_seed","SDU.Connection.Seed.Queue","2277b5e7-3f5f-f111-a826-00224805f8f9","20260603_wqexp_v1_connection_seed_0065","created","PASS","204","fb1f2881-525f-f111-a826-00224805f9dd","true","false","false","created_pending_aggregate_count","dataverse_web_api_workqueueitems_create"
"20260603_workqueue_expanded_pilot_dev_v1","connection_seed","SDU.Connection.Seed.Queue","2277b5e7-3f5f-f111-a826-00224805f8f9","20260603_wqexp_v1_connection_seed_0066","created","PASS","204","02202881-525f-f111-a826-00224805f9dd","true","false","false","created_pending_aggregate_count","dataverse_web_api_workqueueitems_create"
"20260603_workqueue_expanded_pilot_dev_v1","connection_seed","SDU.Connection.Seed.Queue","2277b5e7-3f5f-f111-a826-00224805f8f9","20260603_wqexp_v1_connection_seed_0067","created","PASS","204","7031b283-525f-f111-a826-00224805f8f9","true","false","false","created_pending_aggregate_count","dataverse_web_api_workqueueitems_create"
"20260603_workqueue_expanded_pilot_dev_v1","connection_seed","SDU.Connection.Seed.Queue","2277b5e7-3f5f-f111-a826-00224805f8f9","20260603_wqexp_v1_connection_seed_0068","created","PASS","204","0b812986-525f-f111-a826-00224805fcc4","true","false","false","created_pending_aggregate_count","dataverse_web_api_workqueueitems_create"
"20260603_workqueue_expanded_pilot_dev_v1","connection_seed","SDU.Connection.Seed.Queue","2277b5e7-3f5f-f111-a826-00224805f8f9","20260603_wqexp_v1_connection_seed_0069","created","PASS","204","0eade489-525f-f111-a826-00224805f7d0","true","false","false","created_pending_aggregate_count","dataverse_web_api_workqueueitems_create"
"20260603_workqueue_expanded_pilot_dev_v1","connection_seed","SDU.Connection.Seed.Queue","2277b5e7-3f5f-f111-a826-00224805f8f9","20260603_wqexp_v1_connection_seed_0070","created","PASS","204","b056a187-525f-f111-a826-00224805f9dd","true","false","false","created_pending_aggregate_count","dataverse_web_api_workqueueitems_create"
"20260603_workqueue_expanded_pilot_dev_v1","connection_seed","SDU.Connection.Seed.Queue","2277b5e7-3f5f-f111-a826-00224805f8f9","20260603_wqexp_v1_connection_seed_0071","created","PASS","204","ac1bd98b-525f-f111-a826-00224805f8f9","true","false","false","created_pending_aggregate_count","dataverse_web_api_workqueueitems_create"
"20260603_workqueue_expanded_pilot_dev_v1","connection_seed","SDU.Connection.Seed.Queue","2277b5e7-3f5f-f111-a826-00224805f8f9","20260603_wqexp_v1_connection_seed_0072","created","PASS","204","09c49e8d-525f-f111-a826-00224805f9dd","true","false","false","created_pending_aggregate_count","dataverse_web_api_workqueueitems_create"
"20260603_workqueue_expanded_pilot_dev_v1","connection_seed","SDU.Connection.Seed.Queue","2277b5e7-3f5f-f111-a826-00224805f8f9","20260603_wqexp_v1_connection_seed_0073","created","PASS","204","1a7b2e92-525f-f111-a826-00224805f8f9","true","false","false","created_pending_aggregate_count","dataverse_web_api_workqueueitems_create"
"20260603_workqueue_expanded_pilot_dev_v1","connection_seed","SDU.Connection.Seed.Queue","2277b5e7-3f5f-f111-a826-00224805f8f9","20260603_wqexp_v1_connection_seed_0074","created","PASS","204","1e7b2e92-525f-f111-a826-00224805f8f9","true","false","false","created_pending_aggregate_count","dataverse_web_api_workqueueitems_create"
"20260603_workqueue_expanded_pilot_dev_v1","connection_seed","SDU.Connection.Seed.Queue","2277b5e7-3f5f-f111-a826-00224805f8f9","20260603_wqexp_v1_connection_seed_0075","created","PASS","204","43892892-525f-f111-a826-00224805fc91","true","false","false","created_pending_aggregate_count","dataverse_web_api_workqueueitems_create"
"20260603_workqueue_expanded_pilot_dev_v1","connection_seed","SDU.Connection.Seed.Queue","2277b5e7-3f5f-f111-a826-00224805f8f9","20260603_wqexp_v1_connection_seed_0076","created","PASS","204","c581b394-525f-f111-a826-00224805f2e4","true","false","false","created_pending_aggregate_count","dataverse_web_api_workqueueitems_create"
"20260603_workqueue_expanded_pilot_dev_v1","connection_seed","SDU.Connection.Seed.Queue","2277b5e7-3f5f-f111-a826-00224805f8f9","20260603_wqexp_v1_connection_seed_0077","created","PASS","204","00346b97-525f-f111-a826-00224805f7d0","true","false","false","created_pending_aggregate_count","dataverse_web_api_workqueueitems_create"
"20260603_workqueue_expanded_pilot_dev_v1","connection_seed","SDU.Connection.Seed.Queue","2277b5e7-3f5f-f111-a826-00224805f8f9","20260603_wqexp_v1_connection_seed_0078","created","PASS","204","624e2d98-525f-f111-a826-00224805fcc4","true","false","false","created_pending_aggregate_count","dataverse_web_api_workqueueitems_create"
"20260603_workqueue_expanded_pilot_dev_v1","connection_seed","SDU.Connection.Seed.Queue","2277b5e7-3f5f-f111-a826-00224805f8f9","20260603_wqexp_v1_connection_seed_0079","created","PASS","204","730b5e98-525f-f111-a826-00224805f8f9","true","false","false","created_pending_aggregate_count","dataverse_web_api_workqueueitems_create"
"20260603_workqueue_expanded_pilot_dev_v1","connection_seed","SDU.Connection.Seed.Queue","2277b5e7-3f5f-f111-a826-00224805f8f9","20260603_wqexp_v1_connection_seed_0080","created","PASS","204","4f06ef9e-525f-f111-a826-00224805f8f9","true","false","false","created_pending_aggregate_count","dataverse_web_api_workqueueitems_create"
"20260603_workqueue_expanded_pilot_dev_v1","connection_seed","SDU.Connection.Seed.Queue","2277b5e7-3f5f-f111-a826-00224805f8f9","20260603_wqexp_v1_connection_seed_0081","created","PASS","204","91812a9e-525f-f111-a826-00224805fcc4","true","false","false","created_pending_aggregate_count","dataverse_web_api_workqueueitems_create"
"20260603_workqueue_expanded_pilot_dev_v1","connection_seed","SDU.Connection.Seed.Queue","2277b5e7-3f5f-f111-a826-00224805f8f9","20260603_wqexp_v1_connection_seed_0082","created","PASS","204","5506ef9e-525f-f111-a826-00224805f8f9","true","false","false","created_pending_aggregate_count","dataverse_web_api_workqueueitems_create"
"20260603_workqueue_expanded_pilot_dev_v1","connection_seed","SDU.Connection.Seed.Queue","2277b5e7-3f5f-f111-a826-00224805f8f9","20260603_wqexp_v1_connection_seed_0083","created","PASS","204","633fb5a0-525f-f111-a826-00224805f2e4","true","false","false","created_pending_aggregate_count","dataverse_web_api_workqueueitems_create"
"20260603_workqueue_expanded_pilot_dev_v1","connection_seed","SDU.Connection.Seed.Queue","2277b5e7-3f5f-f111-a826-00224805f8f9","20260603_wqexp_v1_connection_seed_0084","created","PASS","204","d22a9da5-525f-f111-a826-00224805f9dd","true","false","false","created_pending_aggregate_count","dataverse_web_api_workqueueitems_create"
"20260603_workqueue_expanded_pilot_dev_v1","connection_seed","SDU.Connection.Seed.Queue","2277b5e7-3f5f-f111-a826-00224805f8f9","20260603_wqexp_v1_connection_seed_0085","created","PASS","204","6ad9eba7-525f-f111-a826-00224805f8f9","true","false","false","created_pending_aggregate_count","dataverse_web_api_workqueueitems_create"
"20260603_workqueue_expanded_pilot_dev_v1","connection_seed","SDU.Connection.Seed.Queue","2277b5e7-3f5f-f111-a826-00224805f8f9","20260603_wqexp_v1_connection_seed_0086","created","PASS","204","b8145ea7-525f-f111-a826-00224805f2e4","true","false","false","created_pending_aggregate_count","dataverse_web_api_workqueueitems_create"
"20260603_workqueue_expanded_pilot_dev_v1","connection_seed","SDU.Connection.Seed.Queue","2277b5e7-3f5f-f111-a826-00224805f8f9","20260603_wqexp_v1_connection_seed_0087","created","PASS","204","ffe027aa-525f-f111-a826-00224805fc91","true","false","false","created_pending_aggregate_count","dataverse_web_api_workqueueitems_create"
"20260603_workqueue_expanded_pilot_dev_v1","connection_seed","SDU.Connection.Seed.Queue","2277b5e7-3f5f-f111-a826-00224805f8f9","20260603_wqexp_v1_connection_seed_0088","created","PASS","204","07e127aa-525f-f111-a826-00224805fc91","true","false","false","created_pending_aggregate_count","dataverse_web_api_workqueueitems_create"
"20260603_workqueue_expanded_pilot_dev_v1","connection_seed","SDU.Connection.Seed.Queue","2277b5e7-3f5f-f111-a826-00224805f8f9","20260603_wqexp_v1_connection_seed_0089","created","PASS","204","01cf34aa-525f-f111-a826-00224805f7d0","true","false","false","created_pending_aggregate_count","dataverse_web_api_workqueueitems_create"
"20260603_workqueue_expanded_pilot_dev_v1","connection_seed","SDU.Connection.Seed.Queue","2277b5e7-3f5f-f111-a826-00224805f8f9","20260603_wqexp_v1_connection_seed_0090","created","PASS","204","3cf93eb0-525f-f111-a826-00224805fcc4","true","false","false","created_pending_aggregate_count","dataverse_web_api_workqueueitems_create"
"20260603_workqueue_expanded_pilot_dev_v1","connection_seed","SDU.Connection.Seed.Queue","2277b5e7-3f5f-f111-a826-00224805f8f9","20260603_wqexp_v1_connection_seed_0091","created","PASS","204","453e74b0-525f-f111-a826-00224805fc91","true","false","false","created_pending_aggregate_count","dataverse_web_api_workqueueitems_create"
"20260603_workqueue_expanded_pilot_dev_v1","connection_seed","SDU.Connection.Seed.Queue","2277b5e7-3f5f-f111-a826-00224805f8f9","20260603_wqexp_v1_connection_seed_0092","created","PASS","204","643e74b0-525f-f111-a826-00224805fc91","true","false","false","created_pending_aggregate_count","dataverse_web_api_workqueueitems_create"
"20260603_workqueue_expanded_pilot_dev_v1","connection_seed","SDU.Connection.Seed.Queue","2277b5e7-3f5f-f111-a826-00224805f8f9","20260603_wqexp_v1_connection_seed_0093","created","PASS","204","488008b7-525f-f111-a826-00224805f7d0","true","false","false","created_pending_aggregate_count","dataverse_web_api_workqueueitems_create"
"20260603_workqueue_expanded_pilot_dev_v1","connection_seed","SDU.Connection.Seed.Queue","2277b5e7-3f5f-f111-a826-00224805f8f9","20260603_wqexp_v1_connection_seed_0094","created","PASS","204","6c70d2b3-525f-f111-a826-00224805f2e4","true","false","false","created_pending_aggregate_count","dataverse_web_api_workqueueitems_create"
"20260603_workqueue_expanded_pilot_dev_v1","connection_seed","SDU.Connection.Seed.Queue","2277b5e7-3f5f-f111-a826-00224805f8f9","20260603_wqexp_v1_connection_seed_0095","created","PASS","204","5e3f97b7-525f-f111-a826-00224805f9dd","true","false","false","created_pending_aggregate_count","dataverse_web_api_workqueueitems_create"
"20260603_workqueue_expanded_pilot_dev_v1","connection_seed","SDU.Connection.Seed.Queue","2277b5e7-3f5f-f111-a826-00224805f8f9","20260603_wqexp_v1_connection_seed_0096","created","PASS","204","8d3f97b7-525f-f111-a826-00224805f9dd","true","false","false","created_pending_aggregate_count","dataverse_web_api_workqueueitems_create"
"20260603_workqueue_expanded_pilot_dev_v1","connection_seed","SDU.Connection.Seed.Queue","2277b5e7-3f5f-f111-a826-00224805f8f9","20260603_wqexp_v1_connection_seed_0097","created","PASS","204","a829dcba-525f-f111-a826-00224805f8f9","true","false","false","created_pending_aggregate_count","dataverse_web_api_workqueueitems_create"
"20260603_workqueue_expanded_pilot_dev_v1","connection_seed","SDU.Connection.Seed.Queue","2277b5e7-3f5f-f111-a826-00224805f8f9","20260603_wqexp_v1_connection_seed_0098","created","PASS","204","3ec269bd-525f-f111-a826-00224805f7d0","true","false","false","created_pending_aggregate_count","dataverse_web_api_workqueueitems_create"
"20260603_workqueue_expanded_pilot_dev_v1","connection_seed","SDU.Connection.Seed.Queue","2277b5e7-3f5f-f111-a826-00224805f8f9","20260603_wqexp_v1_connection_seed_0099","created","PASS","204","b50e34c1-525f-f111-a826-00224805f8f9","true","false","false","created_pending_aggregate_count","dataverse_web_api_workqueueitems_create"
"20260603_workqueue_expanded_pilot_dev_v1","connection_seed","SDU.Connection.Seed.Queue","2277b5e7-3f5f-f111-a826-00224805f8f9","20260603_wqexp_v1_connection_seed_0100","created","PASS","204","c30e34c1-525f-f111-a826-00224805f8f9","true","false","false","created_pending_aggregate_count","dataverse_web_api_workqueueitems_create"
"20260603_workqueue_expanded_pilot_dev_v1","gate_review","SDU.Gate.Review.Queue","59ea83ea-3f5f-f111-a826-00224805f9dd","20260603_wqexp_v1_gate_review_0006","created","PASS","204","b1c176c4-525f-f111-a826-00224805f9dd","true","false","false","created_pending_aggregate_count","dataverse_web_api_workqueueitems_create"
"20260603_workqueue_expanded_pilot_dev_v1","gate_review","SDU.Gate.Review.Queue","59ea83ea-3f5f-f111-a826-00224805f9dd","20260603_wqexp_v1_gate_review_0007","created","PASS","204","040f34c1-525f-f111-a826-00224805f8f9","true","false","false","created_pending_aggregate_count","dataverse_web_api_workqueueitems_create"
"20260603_workqueue_expanded_pilot_dev_v1","gate_review","SDU.Gate.Review.Queue","59ea83ea-3f5f-f111-a826-00224805f9dd","20260603_wqexp_v1_gate_review_0008","created","PASS","204","ed9831c2-525f-f111-a826-00224805fcc4","true","false","false","created_pending_aggregate_count","dataverse_web_api_workqueueitems_create"
"20260603_workqueue_expanded_pilot_dev_v1","gate_review","SDU.Gate.Review.Queue","59ea83ea-3f5f-f111-a826-00224805f9dd","20260603_wqexp_v1_gate_review_0009","created","PASS","204","b4c176c4-525f-f111-a826-00224805f9dd","true","false","false","created_pending_aggregate_count","dataverse_web_api_workqueueitems_create"
"20260603_workqueue_expanded_pilot_dev_v1","gate_review","SDU.Gate.Review.Queue","59ea83ea-3f5f-f111-a826-00224805f9dd","20260603_wqexp_v1_gate_review_0010","created","PASS","204","62634cc9-525f-f111-a826-00224805fc91","true","false","false","created_pending_aggregate_count","dataverse_web_api_workqueueitems_create"
"20260603_workqueue_expanded_pilot_dev_v1","gate_review","SDU.Gate.Review.Queue","59ea83ea-3f5f-f111-a826-00224805f9dd","20260603_wqexp_v1_gate_review_0011","created","PASS","204","7d634cc9-525f-f111-a826-00224805fc91","true","false","false","created_pending_aggregate_count","dataverse_web_api_workqueueitems_create"
"20260603_workqueue_expanded_pilot_dev_v1","gate_review","SDU.Gate.Review.Queue","59ea83ea-3f5f-f111-a826-00224805f9dd","20260603_wqexp_v1_gate_review_0012","created","PASS","204","8d634cc9-525f-f111-a826-00224805fc91","true","false","false","created_pending_aggregate_count","dataverse_web_api_workqueueitems_create"
"20260603_workqueue_expanded_pilot_dev_v1","gate_review","SDU.Gate.Review.Queue","59ea83ea-3f5f-f111-a826-00224805f9dd","20260603_wqexp_v1_gate_review_0013","created","PASS","204","a2cb6dcd-525f-f111-a826-00224805f2e4","true","false","false","created_pending_aggregate_count","dataverse_web_api_workqueueitems_create"
"20260603_workqueue_expanded_pilot_dev_v1","gate_review","SDU.Gate.Review.Queue","59ea83ea-3f5f-f111-a826-00224805f9dd","20260603_wqexp_v1_gate_review_0014","created","PASS","204","35fb2ece-525f-f111-a826-00224805fcc4","true","false","false","created_pending_aggregate_count","dataverse_web_api_workqueueitems_create"
"20260603_workqueue_expanded_pilot_dev_v1","gate_review","SDU.Gate.Review.Queue","59ea83ea-3f5f-f111-a826-00224805f9dd","20260603_wqexp_v1_gate_review_0015","created","PASS","204","ff9a2ed4-525f-f111-a826-00224805fcc4","true","false","false","created_pending_aggregate_count","dataverse_web_api_workqueueitems_create"
"20260603_workqueue_expanded_pilot_dev_v1","gate_review","SDU.Gate.Review.Queue","59ea83ea-3f5f-f111-a826-00224805f9dd","20260603_wqexp_v1_gate_review_0016","created","PASS","204","d1f6efcf-525f-f111-a826-00224805fc91","true","false","false","created_pending_aggregate_count","dataverse_web_api_workqueueitems_create"
"20260603_workqueue_expanded_pilot_dev_v1","gate_review","SDU.Gate.Review.Queue","59ea83ea-3f5f-f111-a826-00224805f9dd","20260603_wqexp_v1_gate_review_0017","created","PASS","204","512819d3-525f-f111-a826-00224805f9dd","true","false","false","created_pending_aggregate_count","dataverse_web_api_workqueueitems_create"
"20260603_workqueue_expanded_pilot_dev_v1","gate_review","SDU.Gate.Review.Queue","59ea83ea-3f5f-f111-a826-00224805f9dd","20260603_wqexp_v1_gate_review_0018","created","PASS","204","941394d6-525f-f111-a826-00224805fc91","true","false","false","created_pending_aggregate_count","dataverse_web_api_workqueueitems_create"
"20260603_workqueue_expanded_pilot_dev_v1","gate_review","SDU.Gate.Review.Queue","59ea83ea-3f5f-f111-a826-00224805f9dd","20260603_wqexp_v1_gate_review_0019","created","PASS","204","bd1394d6-525f-f111-a826-00224805fc91","true","false","false","created_pending_aggregate_count","dataverse_web_api_workqueueitems_create"
"20260603_workqueue_expanded_pilot_dev_v1","gate_review","SDU.Gate.Review.Queue","59ea83ea-3f5f-f111-a826-00224805f9dd","20260603_wqexp_v1_gate_review_0020","created","PASS","204","32fe2bda-525f-f111-a826-00224805fcc4","true","false","false","created_pending_aggregate_count","dataverse_web_api_workqueueitems_create"
"20260603_workqueue_expanded_pilot_dev_v1","gate_review","SDU.Gate.Review.Queue","59ea83ea-3f5f-f111-a826-00224805f9dd","20260603_wqexp_v1_gate_review_0021","created","PASS","204","83fe2bda-525f-f111-a826-00224805fcc4","true","false","false","created_pending_aggregate_count","dataverse_web_api_workqueueitems_create"
"20260603_workqueue_expanded_pilot_dev_v1","gate_review","SDU.Gate.Review.Queue","59ea83ea-3f5f-f111-a826-00224805f9dd","20260603_wqexp_v1_gate_review_0022","created","PASS","204","5c3440da-525f-f111-a826-00224805f8f9","true","false","false","created_pending_aggregate_count","dataverse_web_api_workqueueitems_create"
"20260603_workqueue_expanded_pilot_dev_v1","gate_review","SDU.Gate.Review.Queue","59ea83ea-3f5f-f111-a826-00224805f9dd","20260603_wqexp_v1_gate_review_0023","created","PASS","204","687cc5e0-525f-f111-a826-00224805f9dd","true","false","false","created_pending_aggregate_count","dataverse_web_api_workqueueitems_create"
"20260603_workqueue_expanded_pilot_dev_v1","gate_review","SDU.Gate.Review.Queue","59ea83ea-3f5f-f111-a826-00224805f9dd","20260603_wqexp_v1_gate_review_0024","created","PASS","204","429d2de0-525f-f111-a826-00224805fcc4","true","false","false","created_pending_aggregate_count","dataverse_web_api_workqueueitems_create"
"20260603_workqueue_expanded_pilot_dev_v1","gate_review","SDU.Gate.Review.Queue","59ea83ea-3f5f-f111-a826-00224805f9dd","20260603_wqexp_v1_gate_review_0025","created","PASS","204","cb7adade-525f-f111-a826-00224805f7d0","true","false","false","created_pending_aggregate_count","dataverse_web_api_workqueueitems_create"
"20260603_workqueue_expanded_pilot_dev_v1","gate_review","SDU.Gate.Review.Queue","59ea83ea-3f5f-f111-a826-00224805f9dd","20260603_wqexp_v1_gate_review_0026","created","PASS","204","a73785e2-525f-f111-a826-00224805fc91","true","false","false","created_pending_aggregate_count","dataverse_web_api_workqueueitems_create"
"20260603_workqueue_expanded_pilot_dev_v1","gate_review","SDU.Gate.Review.Queue","59ea83ea-3f5f-f111-a826-00224805f9dd","20260603_wqexp_v1_gate_review_0027","created","PASS","204","c42ab2e3-525f-f111-a826-00224805f8f9","true","false","false","created_pending_aggregate_count","dataverse_web_api_workqueueitems_create"
"20260603_workqueue_expanded_pilot_dev_v1","gate_review","SDU.Gate.Review.Queue","59ea83ea-3f5f-f111-a826-00224805f9dd","20260603_wqexp_v1_gate_review_0028","created","PASS","204","328cd5e8-525f-f111-a826-00224805f2e4","true","false","false","created_pending_aggregate_count","dataverse_web_api_workqueueitems_create"
"20260603_workqueue_expanded_pilot_dev_v1","gate_review","SDU.Gate.Review.Queue","59ea83ea-3f5f-f111-a826-00224805f9dd","20260603_wqexp_v1_gate_review_0029","created","PASS","204","1ebc2fe6-525f-f111-a826-00224805fcc4","true","false","false","created_pending_aggregate_count","dataverse_web_api_workqueueitems_create"
"20260603_workqueue_expanded_pilot_dev_v1","gate_review","SDU.Gate.Review.Queue","59ea83ea-3f5f-f111-a826-00224805f9dd","20260603_wqexp_v1_gate_review_0030","created","PASS","204","b693e0e9-525f-f111-a826-00224805f9dd","true","false","false","created_pending_aggregate_count","dataverse_web_api_workqueueitems_create"
"20260603_workqueue_expanded_pilot_dev_v1","gate_review","SDU.Gate.Review.Queue","59ea83ea-3f5f-f111-a826-00224805f9dd","20260603_wqexp_v1_gate_review_0031","created","PASS","204","d33cb4e9-525f-f111-a826-00224805f8f9","true","false","false","created_pending_aggregate_count","dataverse_web_api_workqueueitems_create"
"20260603_workqueue_expanded_pilot_dev_v1","gate_review","SDU.Gate.Review.Queue","59ea83ea-3f5f-f111-a826-00224805f9dd","20260603_wqexp_v1_gate_review_0032","created","PASS","204","c093e0e9-525f-f111-a826-00224805f9dd","true","false","false","created_pending_aggregate_count","dataverse_web_api_workqueueitems_create"
"20260603_workqueue_expanded_pilot_dev_v1","gate_review","SDU.Gate.Review.Queue","59ea83ea-3f5f-f111-a826-00224805f9dd","20260603_wqexp_v1_gate_review_0033","created","PASS","204","82c05cec-525f-f111-a826-00224805fcc4","true","false","false","created_pending_aggregate_count","dataverse_web_api_workqueueitems_create"
"20260603_workqueue_expanded_pilot_dev_v1","gate_review","SDU.Gate.Review.Queue","59ea83ea-3f5f-f111-a826-00224805f9dd","20260603_wqexp_v1_gate_review_0034","created","PASS","204","b6c05cec-525f-f111-a826-00224805fcc4","true","false","false","created_pending_aggregate_count","dataverse_web_api_workqueueitems_create"
"20260603_workqueue_expanded_pilot_dev_v1","gate_review","SDU.Gate.Review.Queue","59ea83ea-3f5f-f111-a826-00224805f9dd","20260603_wqexp_v1_gate_review_0035","created","PASS","204","687b18ef-525f-f111-a826-00224805f2e4","true","false","false","created_pending_aggregate_count","dataverse_web_api_workqueueitems_create"
"20260603_workqueue_expanded_pilot_dev_v1","gate_review","SDU.Gate.Review.Queue","59ea83ea-3f5f-f111-a826-00224805f9dd","20260603_wqexp_v1_gate_review_0036","created","PASS","204","41802df5-525f-f111-a826-00224805f2e4","true","false","false","created_pending_aggregate_count","dataverse_web_api_workqueueitems_create"
"20260603_workqueue_expanded_pilot_dev_v1","gate_review","SDU.Gate.Review.Queue","59ea83ea-3f5f-f111-a826-00224805f9dd","20260603_wqexp_v1_gate_review_0037","created","PASS","204","a47a01f7-525f-f111-a826-00224805f8f9","true","false","false","created_pending_aggregate_count","dataverse_web_api_workqueueitems_create"
"20260603_workqueue_expanded_pilot_dev_v1","gate_review","SDU.Gate.Review.Queue","59ea83ea-3f5f-f111-a826-00224805f9dd","20260603_wqexp_v1_gate_review_0038","created","PASS","204","34bb70f4-525f-f111-a826-00224805f9dd","true","false","false","created_pending_aggregate_count","dataverse_web_api_workqueueitems_create"
"20260603_workqueue_expanded_pilot_dev_v1","gate_review","SDU.Gate.Review.Queue","59ea83ea-3f5f-f111-a826-00224805f9dd","20260603_wqexp_v1_gate_review_0039","created","PASS","204","8e4983fa-525f-f111-a826-00224805fc91","true","false","false","created_pending_aggregate_count","dataverse_web_api_workqueueitems_create"
"20260603_workqueue_expanded_pilot_dev_v1","gate_review","SDU.Gate.Review.Queue","59ea83ea-3f5f-f111-a826-00224805f9dd","20260603_wqexp_v1_gate_review_0040","created","PASS","204","954983fa-525f-f111-a826-00224805fc91","true","false","false","created_pending_aggregate_count","dataverse_web_api_workqueueitems_create"
"20260603_workqueue_expanded_pilot_dev_v1","gate_review","SDU.Gate.Review.Queue","59ea83ea-3f5f-f111-a826-00224805f9dd","20260603_wqexp_v1_gate_review_0041","created","PASS","204","fd3efcfc-525f-f111-a826-00224805f8f9","true","false","false","created_pending_aggregate_count","dataverse_web_api_workqueueitems_create"
"20260603_workqueue_expanded_pilot_dev_v1","gate_review","SDU.Gate.Review.Queue","59ea83ea-3f5f-f111-a826-00224805f9dd","20260603_wqexp_v1_gate_review_0042","created","PASS","204","a24983fa-525f-f111-a826-00224805fc91","true","false","false","created_pending_aggregate_count","dataverse_web_api_workqueueitems_create"
"20260603_workqueue_expanded_pilot_dev_v1","gate_review","SDU.Gate.Review.Queue","59ea83ea-3f5f-f111-a826-00224805f9dd","20260603_wqexp_v1_gate_review_0043","created","PASS","204","4ed2d7ff-525f-f111-a826-00224805f9dd","true","false","false","created_pending_aggregate_count","dataverse_web_api_workqueueitems_create"
"20260603_workqueue_expanded_pilot_dev_v1","gate_review","SDU.Gate.Review.Queue","59ea83ea-3f5f-f111-a826-00224805f9dd","20260603_wqexp_v1_gate_review_0044","created","PASS","204","fe752701-535f-f111-a826-00224805fc91","true","false","false","created_pending_aggregate_count","dataverse_web_api_workqueueitems_create"
"20260603_workqueue_expanded_pilot_dev_v1","gate_review","SDU.Gate.Review.Queue","59ea83ea-3f5f-f111-a826-00224805f9dd","20260603_wqexp_v1_gate_review_0045","created","PASS","204","01762701-535f-f111-a826-00224805fc91","true","false","false","created_pending_aggregate_count","dataverse_web_api_workqueueitems_create"
"20260603_workqueue_expanded_pilot_dev_v1","gate_review","SDU.Gate.Review.Queue","59ea83ea-3f5f-f111-a826-00224805f9dd","20260603_wqexp_v1_gate_review_0046","created","PASS","204","f1ca0003-535f-f111-a826-00224805f8f9","true","false","false","created_pending_aggregate_count","dataverse_web_api_workqueueitems_create"
"20260603_workqueue_expanded_pilot_dev_v1","gate_review","SDU.Gate.Review.Queue","59ea83ea-3f5f-f111-a826-00224805f9dd","20260603_wqexp_v1_gate_review_0047","created","PASS","204","eefc1f07-535f-f111-a826-00224805fc91","true","false","false","created_pending_aggregate_count","dataverse_web_api_workqueueitems_create"
"20260603_workqueue_expanded_pilot_dev_v1","gate_review","SDU.Gate.Review.Queue","59ea83ea-3f5f-f111-a826-00224805f9dd","20260603_wqexp_v1_gate_review_0048","created","PASS","204","7cfd1f07-535f-f111-a826-00224805fc91","true","false","false","created_pending_aggregate_count","dataverse_web_api_workqueueitems_create"
"20260603_workqueue_expanded_pilot_dev_v1","gate_review","SDU.Gate.Review.Queue","59ea83ea-3f5f-f111-a826-00224805f9dd","20260603_wqexp_v1_gate_review_0049","created","PASS","204","fb6c8207-535f-f111-a826-00224805f2e4","true","false","false","created_pending_aggregate_count","dataverse_web_api_workqueueitems_create"
"20260603_workqueue_expanded_pilot_dev_v1","gate_review","SDU.Gate.Review.Queue","59ea83ea-3f5f-f111-a826-00224805f9dd","20260603_wqexp_v1_gate_review_0050","created","PASS","204","fc09300a-535f-f111-a826-00224805fcc4","true","false","false","created_pending_aggregate_count","dataverse_web_api_workqueueitems_create"
"20260603_workqueue_expanded_pilot_dev_v1","drift_detection","SDU.Drift.Detection.Queue","2fd30de8-3f5f-f111-a826-00224805fcc4","20260603_wqexp_v1_drift_detection_0006","created","PASS","204","75381d0d-535f-f111-a826-00224805fc91","true","false","false","created_pending_aggregate_count","dataverse_web_api_workqueueitems_create"
"20260603_workqueue_expanded_pilot_dev_v1","drift_detection","SDU.Drift.Detection.Queue","2fd30de8-3f5f-f111-a826-00224805fcc4","20260603_wqexp_v1_drift_detection_0007","created","PASS","204","7b381d0d-535f-f111-a826-00224805fc91","true","false","false","created_pending_aggregate_count","dataverse_web_api_workqueueitems_create"
"20260603_workqueue_expanded_pilot_dev_v1","drift_detection","SDU.Drift.Detection.Queue","2fd30de8-3f5f-f111-a826-00224805fcc4","20260603_wqexp_v1_drift_detection_0008","created","PASS","204","38f61d0f-535f-f111-a826-00224805f7d0","true","false","false","created_pending_aggregate_count","dataverse_web_api_workqueueitems_create"
"20260603_workqueue_expanded_pilot_dev_v1","drift_detection","SDU.Drift.Detection.Queue","2fd30de8-3f5f-f111-a826-00224805fcc4","20260603_wqexp_v1_drift_detection_0009","created","PASS","204","85b16111-535f-f111-a826-00224805f9dd","true","false","false","created_pending_aggregate_count","dataverse_web_api_workqueueitems_create"
"20260603_workqueue_expanded_pilot_dev_v1","drift_detection","SDU.Drift.Detection.Queue","2fd30de8-3f5f-f111-a826-00224805fcc4","20260603_wqexp_v1_drift_detection_0010","created","PASS","204","fafd2a10-535f-f111-a826-00224805fcc4","true","false","false","created_pending_aggregate_count","dataverse_web_api_workqueueitems_create"
"20260603_workqueue_expanded_pilot_dev_v1","drift_detection","SDU.Drift.Detection.Queue","2fd30de8-3f5f-f111-a826-00224805fcc4","20260603_wqexp_v1_drift_detection_0011","created","PASS","204","896adc18-535f-f111-a826-00224805f1e2","true","false","false","created_pending_aggregate_count","dataverse_web_api_workqueueitems_create"
"20260603_workqueue_expanded_pilot_dev_v1","drift_detection","SDU.Drift.Detection.Queue","2fd30de8-3f5f-f111-a826-00224805fcc4","20260603_wqexp_v1_drift_detection_0012","created","PASS","204","17730f19-535f-f111-a826-00224805fc91","true","false","false","created_pending_aggregate_count","dataverse_web_api_workqueueitems_create"
"20260603_workqueue_expanded_pilot_dev_v1","drift_detection","SDU.Drift.Detection.Queue","2fd30de8-3f5f-f111-a826-00224805fcc4","20260603_wqexp_v1_drift_detection_0013","created","PASS","204","dd7a1b1f-535f-f111-a826-00224805fc91","true","false","false","created_pending_aggregate_count","dataverse_web_api_workqueueitems_create"
"20260603_workqueue_expanded_pilot_dev_v1","drift_detection","SDU.Drift.Detection.Queue","2fd30de8-3f5f-f111-a826-00224805fcc4","20260603_wqexp_v1_drift_detection_0014","created","PASS","204","0df7cc1f-535f-f111-a826-00224805f9dd","true","false","false","created_pending_aggregate_count","dataverse_web_api_workqueueitems_create"
"20260603_workqueue_expanded_pilot_dev_v1","drift_detection","SDU.Drift.Detection.Queue","2fd30de8-3f5f-f111-a826-00224805fcc4","20260603_wqexp_v1_drift_detection_0015","created","PASS","204","10f7cc1f-535f-f111-a826-00224805f9dd","true","false","false","created_pending_aggregate_count","dataverse_web_api_workqueueitems_create"
"20260603_workqueue_expanded_pilot_dev_v1","drift_detection","SDU.Drift.Detection.Queue","2fd30de8-3f5f-f111-a826-00224805fcc4","20260603_wqexp_v1_drift_detection_0016","created","PASS","204","14f7cc1f-535f-f111-a826-00224805f9dd","true","false","false","created_pending_aggregate_count","dataverse_web_api_workqueueitems_create"
"20260603_workqueue_expanded_pilot_dev_v1","drift_detection","SDU.Drift.Detection.Queue","2fd30de8-3f5f-f111-a826-00224805fcc4","20260603_wqexp_v1_drift_detection_0017","created","PASS","204","94e62b25-535f-f111-a826-00224805fcc4","true","false","false","created_pending_aggregate_count","dataverse_web_api_workqueueitems_create"
"20260603_workqueue_expanded_pilot_dev_v1","drift_detection","SDU.Drift.Detection.Queue","2fd30de8-3f5f-f111-a826-00224805fcc4","20260603_wqexp_v1_drift_detection_0018","created","PASS","204","00221b25-535f-f111-a826-00224805fc91","true","false","false","created_pending_aggregate_count","dataverse_web_api_workqueueitems_create"
"20260603_workqueue_expanded_pilot_dev_v1","drift_detection","SDU.Drift.Detection.Queue","2fd30de8-3f5f-f111-a826-00224805fcc4","20260603_wqexp_v1_drift_detection_0019","created","PASS","204","d7999d27-535f-f111-a826-00224805f9dd","true","false","false","created_pending_aggregate_count","dataverse_web_api_workqueueitems_create"
"20260603_workqueue_expanded_pilot_dev_v1","drift_detection","SDU.Drift.Detection.Queue","2fd30de8-3f5f-f111-a826-00224805fcc4","20260603_wqexp_v1_drift_detection_0020","created","PASS","204","a6e62b25-535f-f111-a826-00224805fcc4","true","false","false","created_pending_aggregate_count","dataverse_web_api_workqueueitems_create"
"20260603_workqueue_expanded_pilot_dev_v1","drift_detection","SDU.Drift.Detection.Queue","2fd30de8-3f5f-f111-a826-00224805fcc4","20260603_wqexp_v1_drift_detection_0021","created","PASS","204","dd999d27-535f-f111-a826-00224805f9dd","true","false","false","created_pending_aggregate_count","dataverse_web_api_workqueueitems_create"
"20260603_workqueue_expanded_pilot_dev_v1","drift_detection","SDU.Drift.Detection.Queue","2fd30de8-3f5f-f111-a826-00224805fcc4","20260603_wqexp_v1_drift_detection_0022","created","PASS","204","6fb71f2b-535f-f111-a826-00224805fc91","true","false","false","created_pending_aggregate_count","dataverse_web_api_workqueueitems_create"
"20260603_workqueue_expanded_pilot_dev_v1","drift_detection","SDU.Drift.Detection.Queue","2fd30de8-3f5f-f111-a826-00224805fcc4","20260603_wqexp_v1_drift_detection_0023","created","PASS","204","77b71f2b-535f-f111-a826-00224805fc91","true","false","false","created_pending_aggregate_count","dataverse_web_api_workqueueitems_create"
"20260603_workqueue_expanded_pilot_dev_v1","drift_detection","SDU.Drift.Detection.Queue","2fd30de8-3f5f-f111-a826-00224805fcc4","20260603_wqexp_v1_drift_detection_0024","created","PASS","204","a909b431-535f-f111-a826-00224805fc91","true","false","false","created_pending_aggregate_count","dataverse_web_api_workqueueitems_create"
"20260603_workqueue_expanded_pilot_dev_v1","drift_detection","SDU.Drift.Detection.Queue","2fd30de8-3f5f-f111-a826-00224805fcc4","20260603_wqexp_v1_drift_detection_0025","created","PASS","204","af09b431-535f-f111-a826-00224805fc91","true","false","false","created_pending_aggregate_count","dataverse_web_api_workqueueitems_create"
"20260603_workqueue_expanded_pilot_dev_v1","drift_detection","SDU.Drift.Detection.Queue","2fd30de8-3f5f-f111-a826-00224805fcc4","20260603_wqexp_v1_drift_detection_0026","created","PASS","204","83f0532f-535f-f111-a826-00224805f9dd","true","false","false","created_pending_aggregate_count","dataverse_web_api_workqueueitems_create"
"20260603_workqueue_expanded_pilot_dev_v1","drift_detection","SDU.Drift.Detection.Queue","2fd30de8-3f5f-f111-a826-00224805fcc4","20260603_wqexp_v1_drift_detection_0027","created","PASS","204","4cbf2831-535f-f111-a826-00224805fcc4","true","false","false","created_pending_aggregate_count","dataverse_web_api_workqueueitems_create"
"20260603_workqueue_expanded_pilot_dev_v1","drift_detection","SDU.Drift.Detection.Queue","2fd30de8-3f5f-f111-a826-00224805fcc4","20260603_wqexp_v1_drift_detection_0028","created","PASS","204","00740138-535f-f111-a826-00224805f8f9","true","false","false","created_pending_aggregate_count","dataverse_web_api_workqueueitems_create"
"20260603_workqueue_expanded_pilot_dev_v1","drift_detection","SDU.Drift.Detection.Queue","2fd30de8-3f5f-f111-a826-00224805fcc4","20260603_wqexp_v1_drift_detection_0029","created","PASS","204","3eaa9837-535f-f111-a826-00224805fcc4","true","false","false","created_pending_aggregate_count","dataverse_web_api_workqueueitems_create"
"20260603_workqueue_expanded_pilot_dev_v1","drift_detection","SDU.Drift.Detection.Queue","2fd30de8-3f5f-f111-a826-00224805fcc4","20260603_wqexp_v1_drift_detection_0030","created","PASS","204","42aa9837-535f-f111-a826-00224805fcc4","true","false","false","created_pending_aggregate_count","dataverse_web_api_workqueueitems_create"
"20260603_workqueue_expanded_pilot_dev_v1","drift_detection","SDU.Drift.Detection.Queue","2fd30de8-3f5f-f111-a826-00224805fcc4","20260603_wqexp_v1_drift_detection_0031","created","PASS","204","11740138-535f-f111-a826-00224805f8f9","true","false","false","created_pending_aggregate_count","dataverse_web_api_workqueueitems_create"
"20260603_workqueue_expanded_pilot_dev_v1","drift_detection","SDU.Drift.Detection.Queue","2fd30de8-3f5f-f111-a826-00224805fcc4","20260603_wqexp_v1_drift_detection_0032","created","PASS","204","a42d2c3c-535f-f111-a826-00224805f9dd","true","false","false","created_pending_aggregate_count","dataverse_web_api_workqueueitems_create"
"20260603_workqueue_expanded_pilot_dev_v1","drift_detection","SDU.Drift.Detection.Queue","2fd30de8-3f5f-f111-a826-00224805fcc4","20260603_wqexp_v1_drift_detection_0033","created","PASS","204","6da8fc3e-535f-f111-a826-00224805fc91","true","false","false","created_pending_aggregate_count","dataverse_web_api_workqueueitems_create"
"20260603_workqueue_expanded_pilot_dev_v1","drift_detection","SDU.Drift.Detection.Queue","2fd30de8-3f5f-f111-a826-00224805fcc4","20260603_wqexp_v1_drift_detection_0034","created","PASS","204","ad2d2c3c-535f-f111-a826-00224805f9dd","true","false","false","created_pending_aggregate_count","dataverse_web_api_workqueueitems_create"
"20260603_workqueue_expanded_pilot_dev_v1","drift_detection","SDU.Drift.Detection.Queue","2fd30de8-3f5f-f111-a826-00224805fcc4","20260603_wqexp_v1_drift_detection_0035","created","PASS","204","b02d2c3c-535f-f111-a826-00224805f9dd","true","false","false","created_pending_aggregate_count","dataverse_web_api_workqueueitems_create"
"20260603_workqueue_expanded_pilot_dev_v1","drift_detection","SDU.Drift.Detection.Queue","2fd30de8-3f5f-f111-a826-00224805fcc4","20260603_wqexp_v1_drift_detection_0036","created","PASS","204","c7a8fc3e-535f-f111-a826-00224805fc91","true","false","false","created_pending_aggregate_count","dataverse_web_api_workqueueitems_create"
"20260603_workqueue_expanded_pilot_dev_v1","drift_detection","SDU.Drift.Detection.Queue","2fd30de8-3f5f-f111-a826-00224805fcc4","20260603_wqexp_v1_drift_detection_0037","created","PASS","204","cba8fc3e-535f-f111-a826-00224805fc91","true","false","false","created_pending_aggregate_count","dataverse_web_api_workqueueitems_create"
"20260603_workqueue_expanded_pilot_dev_v1","drift_detection","SDU.Drift.Detection.Queue","2fd30de8-3f5f-f111-a826-00224805fcc4","20260603_wqexp_v1_drift_detection_0038","created","PASS","204","cf4d6d44-535f-f111-a826-00224805f9dd","true","false","false","created_pending_aggregate_count","dataverse_web_api_workqueueitems_create"
"20260603_workqueue_expanded_pilot_dev_v1","drift_detection","SDU.Drift.Detection.Queue","2fd30de8-3f5f-f111-a826-00224805fcc4","20260603_wqexp_v1_drift_detection_0039","created","PASS","204","d56e1f44-535f-f111-a826-00224805f8f9","true","false","false","created_pending_aggregate_count","dataverse_web_api_workqueueitems_create"
"20260603_workqueue_expanded_pilot_dev_v1","drift_detection","SDU.Drift.Detection.Queue","2fd30de8-3f5f-f111-a826-00224805fcc4","20260603_wqexp_v1_drift_detection_0040","created","PASS","204","f66e1f44-535f-f111-a826-00224805f8f9","true","false","false","created_pending_aggregate_count","dataverse_web_api_workqueueitems_create"
"20260603_workqueue_expanded_pilot_dev_v1","drift_detection","SDU.Drift.Detection.Queue","2fd30de8-3f5f-f111-a826-00224805fcc4","20260603_wqexp_v1_drift_detection_0041","created","PASS","204","fa35274b-535f-f111-a826-00224805fc91","true","false","false","created_pending_aggregate_count","dataverse_web_api_workqueueitems_create"
"20260603_workqueue_expanded_pilot_dev_v1","drift_detection","SDU.Drift.Detection.Queue","2fd30de8-3f5f-f111-a826-00224805fcc4","20260603_wqexp_v1_drift_detection_0042","created","PASS","204","4b6de64a-535f-f111-a826-00224805f9dd","true","false","false","created_pending_aggregate_count","dataverse_web_api_workqueueitems_create"
"20260603_workqueue_expanded_pilot_dev_v1","drift_detection","SDU.Drift.Detection.Queue","2fd30de8-3f5f-f111-a826-00224805fcc4","20260603_wqexp_v1_drift_detection_0043","created","PASS","204","31bb364c-535f-f111-a826-00224805f2e4","true","false","false","created_pending_aggregate_count","dataverse_web_api_workqueueitems_create"
"20260603_workqueue_expanded_pilot_dev_v1","drift_detection","SDU.Drift.Detection.Queue","2fd30de8-3f5f-f111-a826-00224805fcc4","20260603_wqexp_v1_drift_detection_0044","created","PASS","204","5b6de64a-535f-f111-a826-00224805f9dd","true","false","false","created_pending_aggregate_count","dataverse_web_api_workqueueitems_create"
"20260603_workqueue_expanded_pilot_dev_v1","drift_detection","SDU.Drift.Detection.Queue","2fd30de8-3f5f-f111-a826-00224805fcc4","20260603_wqexp_v1_drift_detection_0045","created","PASS","204","25f63051-535f-f111-a826-00224805f8f9","true","false","false","created_pending_aggregate_count","dataverse_web_api_workqueueitems_create"
"20260603_workqueue_expanded_pilot_dev_v1","drift_detection","SDU.Drift.Detection.Queue","2fd30de8-3f5f-f111-a826-00224805fcc4","20260603_wqexp_v1_drift_detection_0046","created","PASS","204","2af63051-535f-f111-a826-00224805f8f9","true","false","false","created_pending_aggregate_count","dataverse_web_api_workqueueitems_create"
"20260603_workqueue_expanded_pilot_dev_v1","drift_detection","SDU.Drift.Detection.Queue","2fd30de8-3f5f-f111-a826-00224805fcc4","20260603_wqexp_v1_drift_detection_0047","created","PASS","204","c213e650-535f-f111-a826-00224805f9dd","true","false","false","created_pending_aggregate_count","dataverse_web_api_workqueueitems_create"
"20260603_workqueue_expanded_pilot_dev_v1","drift_detection","SDU.Drift.Detection.Queue","2fd30de8-3f5f-f111-a826-00224805fcc4","20260603_wqexp_v1_drift_detection_0048","created","PASS","204","47316e55-535f-f111-a826-00224805fcc4","true","false","false","created_pending_aggregate_count","dataverse_web_api_workqueueitems_create"
"20260603_workqueue_expanded_pilot_dev_v1","drift_detection","SDU.Drift.Detection.Queue","2fd30de8-3f5f-f111-a826-00224805fcc4","20260603_wqexp_v1_drift_detection_0049","created","PASS","204","b8c6cd59-535f-f111-a826-00224805f9dd","true","false","false","created_pending_aggregate_count","dataverse_web_api_workqueueitems_create"
"20260603_workqueue_expanded_pilot_dev_v1","drift_detection","SDU.Drift.Detection.Queue","2fd30de8-3f5f-f111-a826-00224805fcc4","20260603_wqexp_v1_drift_detection_0050","created","PASS","204","bcc6cd59-535f-f111-a826-00224805f9dd","true","false","false","created_pending_aggregate_count","dataverse_web_api_workqueueitems_create"
"20260603_workqueue_expanded_pilot_dev_v1","evidence_publish","SDU.Evidence.Publish.Queue","d8489bf0-3f5f-f111-a826-00224805f9dd","20260603_wqexp_v1_evidence_publish_0006","created","PASS","204","bfc6cd59-535f-f111-a826-00224805f9dd","true","false","false","created_pending_aggregate_count","dataverse_web_api_workqueueitems_create"
"20260603_workqueue_expanded_pilot_dev_v1","evidence_publish","SDU.Evidence.Publish.Queue","d8489bf0-3f5f-f111-a826-00224805f9dd","20260603_wqexp_v1_evidence_publish_0007","created","PASS","204","4886405e-535f-f111-a826-00224805f8f9","true","false","false","created_pending_aggregate_count","dataverse_web_api_workqueueitems_create"
"20260603_workqueue_expanded_pilot_dev_v1","evidence_publish","SDU.Evidence.Publish.Queue","d8489bf0-3f5f-f111-a826-00224805f9dd","20260603_wqexp_v1_evidence_publish_0008","created","PASS","204","b366ae5b-535f-f111-a826-00224805fcc4","true","false","false","created_pending_aggregate_count","dataverse_web_api_workqueueitems_create"
"20260603_workqueue_expanded_pilot_dev_v1","evidence_publish","SDU.Evidence.Publish.Queue","d8489bf0-3f5f-f111-a826-00224805f9dd","20260603_wqexp_v1_evidence_publish_0009","created","PASS","204","1df99760-535f-f111-a826-00224805f9dd","true","false","false","created_pending_aggregate_count","dataverse_web_api_workqueueitems_create"
"20260603_workqueue_expanded_pilot_dev_v1","evidence_publish","SDU.Evidence.Publish.Queue","d8489bf0-3f5f-f111-a826-00224805f9dd","20260603_wqexp_v1_evidence_publish_0010","created","PASS","204","21f99760-535f-f111-a826-00224805f9dd","true","false","false","created_pending_aggregate_count","dataverse_web_api_workqueueitems_create"
"20260603_workqueue_expanded_pilot_dev_v1","evidence_publish","SDU.Evidence.Publish.Queue","d8489bf0-3f5f-f111-a826-00224805f9dd","20260603_wqexp_v1_evidence_publish_0011","created","PASS","204","400b5664-535f-f111-a826-00224805f8f9","true","false","false","created_pending_aggregate_count","dataverse_web_api_workqueueitems_create"
"20260603_workqueue_expanded_pilot_dev_v1","evidence_publish","SDU.Evidence.Publish.Queue","d8489bf0-3f5f-f111-a826-00224805f9dd","20260603_wqexp_v1_evidence_publish_0012","created","PASS","204","1536b966-535f-f111-a826-00224805f9dd","true","false","false","created_pending_aggregate_count","dataverse_web_api_workqueueitems_create"
"20260603_workqueue_expanded_pilot_dev_v1","evidence_publish","SDU.Evidence.Publish.Queue","d8489bf0-3f5f-f111-a826-00224805f9dd","20260603_wqexp_v1_evidence_publish_0013","created","PASS","204","7dfd3263-535f-f111-a826-00224805fc91","true","false","false","created_pending_aggregate_count","dataverse_web_api_workqueueitems_create"
"20260603_workqueue_expanded_pilot_dev_v1","evidence_publish","SDU.Evidence.Publish.Queue","d8489bf0-3f5f-f111-a826-00224805f9dd","20260603_wqexp_v1_evidence_publish_0014","created","PASS","204","82232e69-535f-f111-a826-00224805fc91","true","false","false","created_pending_aggregate_count","dataverse_web_api_workqueueitems_create"
"20260603_workqueue_expanded_pilot_dev_v1","evidence_publish","SDU.Evidence.Publish.Queue","d8489bf0-3f5f-f111-a826-00224805f9dd","20260603_wqexp_v1_evidence_publish_0015","created","PASS","204","cdc5696b-535f-f111-a826-00224805f7d0","true","false","false","created_pending_aggregate_count","dataverse_web_api_workqueueitems_create"
"20260603_workqueue_expanded_pilot_dev_v1","evidence_publish","SDU.Evidence.Publish.Queue","d8489bf0-3f5f-f111-a826-00224805f9dd","20260603_wqexp_v1_evidence_publish_0016","created","PASS","204","64ebcb6c-535f-f111-a826-00224805f9dd","true","false","false","created_pending_aggregate_count","dataverse_web_api_workqueueitems_create"
"20260603_workqueue_expanded_pilot_dev_v1","evidence_publish","SDU.Evidence.Publish.Queue","d8489bf0-3f5f-f111-a826-00224805f9dd","20260603_wqexp_v1_evidence_publish_0017","created","PASS","204","69ebcb6c-535f-f111-a826-00224805f9dd","true","false","false","created_pending_aggregate_count","dataverse_web_api_workqueueitems_create"
"20260603_workqueue_expanded_pilot_dev_v1","evidence_publish","SDU.Evidence.Publish.Queue","d8489bf0-3f5f-f111-a826-00224805f9dd","20260603_wqexp_v1_evidence_publish_0018","created","PASS","204","6eebcb6c-535f-f111-a826-00224805f9dd","true","false","false","created_pending_aggregate_count","dataverse_web_api_workqueueitems_create"
"20260603_workqueue_expanded_pilot_dev_v1","evidence_publish","SDU.Evidence.Publish.Queue","d8489bf0-3f5f-f111-a826-00224805f9dd","20260603_wqexp_v1_evidence_publish_0019","created","PASS","204","6cab296f-535f-f111-a826-00224805fc91","true","false","false","created_pending_aggregate_count","dataverse_web_api_workqueueitems_create"
"20260603_workqueue_expanded_pilot_dev_v1","evidence_publish","SDU.Evidence.Publish.Queue","d8489bf0-3f5f-f111-a826-00224805f9dd","20260603_wqexp_v1_evidence_publish_0020","created","PASS","204","18292771-535f-f111-a826-00224805f8f9","true","false","false","created_pending_aggregate_count","dataverse_web_api_workqueueitems_create"
"20260603_workqueue_expanded_pilot_dev_v1","evidence_publish","SDU.Evidence.Publish.Queue","d8489bf0-3f5f-f111-a826-00224805f9dd","20260603_wqexp_v1_evidence_publish_0021","created","PASS","204","b22c5575-535f-f111-a826-00224805fc91","true","false","false","created_pending_aggregate_count","dataverse_web_api_workqueueitems_create"
"20260603_workqueue_expanded_pilot_dev_v1","evidence_publish","SDU.Evidence.Publish.Queue","d8489bf0-3f5f-f111-a826-00224805f9dd","20260603_wqexp_v1_evidence_publish_0022","created","PASS","204","f8bc6173-535f-f111-a826-00224805f9dd","true","false","false","created_pending_aggregate_count","dataverse_web_api_workqueueitems_create"
"20260603_workqueue_expanded_pilot_dev_v1","evidence_publish","SDU.Evidence.Publish.Queue","d8489bf0-3f5f-f111-a826-00224805f9dd","20260603_wqexp_v1_evidence_publish_0023","created","PASS","204","ee571078-535f-f111-a826-00224805f8f9","true","false","false","created_pending_aggregate_count","dataverse_web_api_workqueueitems_create"
"20260603_workqueue_expanded_pilot_dev_v1","evidence_publish","SDU.Evidence.Publish.Queue","d8489bf0-3f5f-f111-a826-00224805f9dd","20260603_wqexp_v1_evidence_publish_0024","created","PASS","204","e5a0b279-535f-f111-a826-00224805f9dd","true","false","false","created_pending_aggregate_count","dataverse_web_api_workqueueitems_create"
"20260603_workqueue_expanded_pilot_dev_v1","evidence_publish","SDU.Evidence.Publish.Queue","d8489bf0-3f5f-f111-a826-00224805f9dd","20260603_wqexp_v1_evidence_publish_0025","created","PASS","204","c1d0be7b-535f-f111-a826-00224805fc91","true","false","false","created_pending_aggregate_count","dataverse_web_api_workqueueitems_create"
"20260603_workqueue_expanded_pilot_dev_v1","exception_remediation","SDU.Exception.Remediation.Queue","ac89d1ef-3f5f-f111-a826-00224805fc91","20260603_wqexp_v1_exception_remediation_0001","created","PASS","204","eca0b279-535f-f111-a826-00224805f9dd","true","false","false","created_pending_aggregate_count","dataverse_web_api_workqueueitems_create"
"20260603_workqueue_expanded_pilot_dev_v1","exception_remediation","SDU.Exception.Remediation.Queue","ac89d1ef-3f5f-f111-a826-00224805fc91","20260603_wqexp_v1_exception_remediation_0002","created","PASS","204","f1a0b279-535f-f111-a826-00224805f9dd","true","false","false","created_pending_aggregate_count","dataverse_web_api_workqueueitems_create"
"20260603_workqueue_expanded_pilot_dev_v1","exception_remediation","SDU.Exception.Remediation.Queue","ac89d1ef-3f5f-f111-a826-00224805fc91","20260603_wqexp_v1_exception_remediation_0003","created","PASS","204","5f915380-535f-f111-a826-00224805fcc4","true","false","false","created_pending_aggregate_count","dataverse_web_api_workqueueitems_create"
"20260603_workqueue_expanded_pilot_dev_v1","exception_remediation","SDU.Exception.Remediation.Queue","ac89d1ef-3f5f-f111-a826-00224805fc91","20260603_wqexp_v1_exception_remediation_0004","created","PASS","204","b3d7be81-535f-f111-a826-00224805fc91","true","false","false","created_pending_aggregate_count","dataverse_web_api_workqueueitems_create"
"20260603_workqueue_expanded_pilot_dev_v1","exception_remediation","SDU.Exception.Remediation.Queue","ac89d1ef-3f5f-f111-a826-00224805fc91","20260603_wqexp_v1_exception_remediation_0005","created","PASS","204","bfd5fe7e-535f-f111-a826-00224805f8f9","true","false","false","created_pending_aggregate_count","dataverse_web_api_workqueueitems_create"
"20260603_workqueue_expanded_pilot_dev_v1","exception_remediation","SDU.Exception.Remediation.Queue","ac89d1ef-3f5f-f111-a826-00224805fc91","20260603_wqexp_v1_exception_remediation_0006","created","PASS","204","65915380-535f-f111-a826-00224805fcc4","true","false","false","created_pending_aggregate_count","dataverse_web_api_workqueueitems_create"
"20260603_workqueue_expanded_pilot_dev_v1","exception_remediation","SDU.Exception.Remediation.Queue","ac89d1ef-3f5f-f111-a826-00224805fc91","20260603_wqexp_v1_exception_remediation_0007","created","PASS","204","4c30b787-535f-f111-a826-00224805f9dd","true","false","false","created_pending_aggregate_count","dataverse_web_api_workqueueitems_create"
"20260603_workqueue_expanded_pilot_dev_v1","exception_remediation","SDU.Exception.Remediation.Queue","ac89d1ef-3f5f-f111-a826-00224805fc91","20260603_wqexp_v1_exception_remediation_0008","created","PASS","204","108f6d86-535f-f111-a826-00224805fcc4","true","false","false","created_pending_aggregate_count","dataverse_web_api_workqueueitems_create"
"20260603_workqueue_expanded_pilot_dev_v1","exception_remediation","SDU.Exception.Remediation.Queue","ac89d1ef-3f5f-f111-a826-00224805fc91","20260603_wqexp_v1_exception_remediation_0009","created","PASS","204","e891d687-535f-f111-a826-00224805fc91","true","false","false","created_pending_aggregate_count","dataverse_web_api_workqueueitems_create"
"20260603_workqueue_expanded_pilot_dev_v1","exception_remediation","SDU.Exception.Remediation.Queue","ac89d1ef-3f5f-f111-a826-00224805fc91","20260603_wqexp_v1_exception_remediation_0010","created","PASS","204","5630b787-535f-f111-a826-00224805f9dd","true","false","false","created_pending_aggregate_count","dataverse_web_api_workqueueitems_create"
"20260603_workqueue_expanded_pilot_dev_v1","exception_remediation","SDU.Exception.Remediation.Queue","ac89d1ef-3f5f-f111-a826-00224805fc91","20260603_wqexp_v1_exception_remediation_0011","created","PASS","204","2b6b228d-535f-f111-a826-00224805fcc4","true","false","false","created_pending_aggregate_count","dataverse_web_api_workqueueitems_create"
"20260603_workqueue_expanded_pilot_dev_v1","exception_remediation","SDU.Exception.Remediation.Queue","ac89d1ef-3f5f-f111-a826-00224805fc91","20260603_wqexp_v1_exception_remediation_0012","created","PASS","204","319efe8d-535f-f111-a826-00224805fc91","true","false","false","created_pending_aggregate_count","dataverse_web_api_workqueueitems_create"
"20260603_workqueue_expanded_pilot_dev_v1","exception_remediation","SDU.Exception.Remediation.Queue","ac89d1ef-3f5f-f111-a826-00224805fc91","20260603_wqexp_v1_exception_remediation_0013","created","PASS","204","a67dfc8f-535f-f111-a826-00224805f9dd","true","false","false","created_pending_aggregate_count","dataverse_web_api_workqueueitems_create"
"20260603_workqueue_expanded_pilot_dev_v1","exception_remediation","SDU.Exception.Remediation.Queue","ac89d1ef-3f5f-f111-a826-00224805fc91","20260603_wqexp_v1_exception_remediation_0014","created","PASS","204","26624393-535f-f111-a826-00224805fcc4","true","false","false","created_pending_aggregate_count","dataverse_web_api_workqueueitems_create"
"20260603_workqueue_expanded_pilot_dev_v1","exception_remediation","SDU.Exception.Remediation.Queue","ac89d1ef-3f5f-f111-a826-00224805fc91","20260603_wqexp_v1_exception_remediation_0015","created","PASS","204","df0efc95-535f-f111-a826-00224805f9dd","true","false","false","created_pending_aggregate_count","dataverse_web_api_workqueueitems_create"
"20260603_workqueue_expanded_pilot_dev_v1","exception_remediation","SDU.Exception.Remediation.Queue","ac89d1ef-3f5f-f111-a826-00224805fc91","20260603_wqexp_v1_exception_remediation_0016","created","PASS","204","0b0ffc95-535f-f111-a826-00224805f9dd","true","false","false","created_pending_aggregate_count","dataverse_web_api_workqueueitems_create"
"20260603_workqueue_expanded_pilot_dev_v1","exception_remediation","SDU.Exception.Remediation.Queue","ac89d1ef-3f5f-f111-a826-00224805fc91","20260603_wqexp_v1_exception_remediation_0017","created","PASS","204","36624393-535f-f111-a826-00224805fcc4","true","false","false","created_pending_aggregate_count","dataverse_web_api_workqueueitems_create"
"20260603_workqueue_expanded_pilot_dev_v1","exception_remediation","SDU.Exception.Remediation.Queue","ac89d1ef-3f5f-f111-a826-00224805fc91","20260603_wqexp_v1_exception_remediation_0018","created","PASS","204","0d4c729b-535f-f111-a826-00224805fc91","true","false","false","created_pending_aggregate_count","dataverse_web_api_workqueueitems_create"
"20260603_workqueue_expanded_pilot_dev_v1","exception_remediation","SDU.Exception.Remediation.Queue","ac89d1ef-3f5f-f111-a826-00224805fc91","20260603_wqexp_v1_exception_remediation_0019","created","PASS","204","27c14799-535f-f111-a826-00224805fcc4","true","false","false","created_pending_aggregate_count","dataverse_web_api_workqueueitems_create"
"20260603_workqueue_expanded_pilot_dev_v1","exception_remediation","SDU.Exception.Remediation.Queue","ac89d1ef-3f5f-f111-a826-00224805fc91","20260603_wqexp_v1_exception_remediation_0020","created","PASS","204","d3aefb9b-535f-f111-a826-00224805f9dd","true","false","false","created_pending_aggregate_count","dataverse_web_api_workqueueitems_create"
"20260603_workqueue_expanded_pilot_dev_v1","exception_remediation","SDU.Exception.Remediation.Queue","ac89d1ef-3f5f-f111-a826-00224805fc91","20260603_wqexp_v1_exception_remediation_0021","created","PASS","204","67a5929f-535f-f111-a826-00224805f2e4","true","false","false","created_pending_aggregate_count","dataverse_web_api_workqueueitems_create"
"20260603_workqueue_expanded_pilot_dev_v1","exception_remediation","SDU.Exception.Remediation.Queue","ac89d1ef-3f5f-f111-a826-00224805fc91","20260603_wqexp_v1_exception_remediation_0022","created","PASS","204","4ba86fa1-535f-f111-a826-00224805fc91","true","false","false","created_pending_aggregate_count","dataverse_web_api_workqueueitems_create"
"20260603_workqueue_expanded_pilot_dev_v1","exception_remediation","SDU.Exception.Remediation.Queue","ac89d1ef-3f5f-f111-a826-00224805fc91","20260603_wqexp_v1_exception_remediation_0023","created","PASS","204","b1dc60a3-535f-f111-a826-00224805f9dd","true","false","false","created_pending_aggregate_count","dataverse_web_api_workqueueitems_create"
"20260603_workqueue_expanded_pilot_dev_v1","exception_remediation","SDU.Exception.Remediation.Queue","ac89d1ef-3f5f-f111-a826-00224805fc91","20260603_wqexp_v1_exception_remediation_0024","created","PASS","204","30fe8aa5-535f-f111-a826-00224805f2e4","true","false","false","created_pending_aggregate_count","dataverse_web_api_workqueueitems_create"
"20260603_workqueue_expanded_pilot_dev_v1","exception_remediation","SDU.Exception.Remediation.Queue","ac89d1ef-3f5f-f111-a826-00224805fc91","20260603_wqexp_v1_exception_remediation_0025","created","PASS","204","8f760aa8-535f-f111-a826-00224805fc91","true","false","false","created_pending_aggregate_count","dataverse_web_api_workqueueitems_create"
