"entity","entity_set_name","primary_name_attribute","primary_id_attribute","ownership_type","logical_name","attribute_type","required_level","valid_for_create","valid_for_update","primary_name"
"workqueue","workqueues","name","workqueueid","UserOwned","allowupdateinputwhileprocessing","Picklist","None","True","True","False"
"workqueue","workqueues","name","workqueueid","UserOwned","allowupdateinputwhileprocessingname","Virtual","None","False","False","False"
"workqueue","workqueues","name","workqueueid","UserOwned","componentidunique","Uniqueidentifier","SystemRequired","False","False","False"
"workqueue","workqueues","name","workqueueid","UserOwned","componentstate","Picklist","SystemRequired","False","False","False"
"workqueue","workqueues","name","workqueueid","UserOwned","componentstatename","Virtual","None","False","False","False"
"workqueue","workqueues","name","workqueueid","UserOwned","continueprocessingifslaviolated","Picklist","None","True","True","False"
"workqueue","workqueues","name","workqueueid","UserOwned","continueprocessingifslaviolatedname","Virtual","None","False","False","False"
"workqueue","workqueues","name","workqueueid","UserOwned","createdby","Lookup","None","False","False","False"
"workqueue","workqueues","name","workqueueid","UserOwned","createdbyname","String","None","False","False","False"
"workqueue","workqueues","name","workqueueid","UserOwned","createdbyyominame","String","SystemRequired","False","False","False"
"workqueue","workqueues","name","workqueueid","UserOwned","createdon","DateTime","None","False","False","False"
"workqueue","workqueues","name","workqueueid","UserOwned","createdonbehalfby","Lookup","None","False","False","False"
"workqueue","workqueues","name","workqueueid","UserOwned","createdonbehalfbyname","String","None","False","False","False"
"workqueue","workqueues","name","workqueueid","UserOwned","createdonbehalfbyyominame","String","SystemRequired","False","False","False"
"workqueue","workqueues","name","workqueueid","UserOwned","defaultitemtimetoliveinminutes","Integer","None","True","True","False"
"workqueue","workqueues","name","workqueueid","UserOwned","description","Memo","None","True","True","False"
"workqueue","workqueues","name","workqueueid","UserOwned","importsequencenumber","Integer","None","True","False","False"
"workqueue","workqueues","name","workqueueid","UserOwned","inputschema","Memo","None","True","True","False"
"workqueue","workqueues","name","workqueueid","UserOwned","inputschematype","Picklist","None","True","True","False"
"workqueue","workqueues","name","workqueueid","UserOwned","inputschematypename","Virtual","None","False","False","False"
"workqueue","workqueues","name","workqueueid","UserOwned","iscustomizable","ManagedProperty","SystemRequired","True","True","False"
"workqueue","workqueues","name","workqueueid","UserOwned","ismanaged","Boolean","SystemRequired","False","False","False"
"workqueue","workqueues","name","workqueueid","UserOwned","ismanagedname","Virtual","None","False","False","False"
"workqueue","workqueues","name","workqueueid","UserOwned","itemmaxrequeuecount","Integer","SystemRequired","True","True","False"
"workqueue","workqueues","name","workqueueid","UserOwned","itemmaxretrycount","Integer","SystemRequired","True","True","False"
"workqueue","workqueues","name","workqueueid","UserOwned","modifiedby","Lookup","None","False","False","False"
"workqueue","workqueues","name","workqueueid","UserOwned","modifiedbyname","String","None","False","False","False"
"workqueue","workqueues","name","workqueueid","UserOwned","modifiedbyyominame","String","SystemRequired","False","False","False"
"workqueue","workqueues","name","workqueueid","UserOwned","modifiedon","DateTime","None","False","False","False"
"workqueue","workqueues","name","workqueueid","UserOwned","modifiedonbehalfby","Lookup","None","False","False","False"
"workqueue","workqueues","name","workqueueid","UserOwned","modifiedonbehalfbyname","String","None","False","False","False"
"workqueue","workqueues","name","workqueueid","UserOwned","modifiedonbehalfbyyominame","String","SystemRequired","False","False","False"
"workqueue","workqueues","name","workqueueid","UserOwned","name","String","ApplicationRequired","True","True","True"
"workqueue","workqueues","name","workqueueid","UserOwned","overriddencreatedon","DateTime","None","True","False","False"
"workqueue","workqueues","name","workqueueid","UserOwned","overwritetime","DateTime","SystemRequired","False","False","False"
"workqueue","workqueues","name","workqueueid","UserOwned","ownerid","Owner","SystemRequired","True","True","False"
"workqueue","workqueues","name","workqueueid","UserOwned","owneridname","String","SystemRequired","False","False","False"
"workqueue","workqueues","name","workqueueid","UserOwned","owneridtype","EntityName","SystemRequired","True","True","False"
"workqueue","workqueues","name","workqueueid","UserOwned","owneridyominame","String","SystemRequired","False","False","False"
"workqueue","workqueues","name","workqueueid","UserOwned","owningbusinessunit","Lookup","None","False","False","False"
"workqueue","workqueues","name","workqueueid","UserOwned","owningbusinessunitname","String","SystemRequired","False","False","False"
"workqueue","workqueues","name","workqueueid","UserOwned","owningteam","Lookup","None","False","False","False"
"workqueue","workqueues","name","workqueueid","UserOwned","owninguser","Lookup","None","False","False","False"
"workqueue","workqueues","name","workqueueid","UserOwned","prioritytype","Picklist","None","True","True","False"
"workqueue","workqueues","name","workqueueid","UserOwned","prioritytypename","Virtual","None","False","False","False"
"workqueue","workqueues","name","workqueueid","UserOwned","slathresholdinpercentage","Integer","None","True","True","False"
"workqueue","workqueues","name","workqueueid","UserOwned","slathresholdmodifiedon","DateTime","None","True","False","False"
"workqueue","workqueues","name","workqueueid","UserOwned","solutionid","Uniqueidentifier","SystemRequired","False","False","False"
"workqueue","workqueues","name","workqueueid","UserOwned","statecode","State","SystemRequired","False","True","False"
"workqueue","workqueues","name","workqueueid","UserOwned","statecodename","Virtual","None","False","False","False"
"workqueue","workqueues","name","workqueueid","UserOwned","statuscode","Status","None","True","True","False"
"workqueue","workqueues","name","workqueueid","UserOwned","statuscodename","Virtual","None","False","False","False"
"workqueue","workqueues","name","workqueueid","UserOwned","supportingsolutionid","Uniqueidentifier","None","False","False","False"
"workqueue","workqueues","name","workqueueid","UserOwned","timezoneruleversionnumber","Integer","None","True","True","False"
"workqueue","workqueues","name","workqueueid","UserOwned","utcconversiontimezonecode","Integer","None","True","True","False"
"workqueue","workqueues","name","workqueueid","UserOwned","versionnumber","BigInt","None","False","False","False"
"workqueue","workqueues","name","workqueueid","UserOwned","workqueueid","Uniqueidentifier","SystemRequired","True","False","False"
"workqueue","workqueues","name","workqueueid","UserOwned","workqueuekey","String","ApplicationRequired","True","True","False"
"workqueue","workqueues","name","workqueueid","UserOwned","workqueuetype","Picklist","None","True","True","False"
"workqueue","workqueues","name","workqueueid","UserOwned","workqueuetypename","Virtual","None","False","False","False"
